"image","xmin","ymin","xmax","ymax","label"
"2020-09-14-211017.jpg",118.50653466945741,24.508839877635392,363.45263095018345,235.36688733708067,"stone"
"2020-09-15-003759_1.jpg",84.13796297014648,126.86062303954216,317.33637486811074,326.4801038870121,"stone"
"2020-09-15-003759_3.jpg",130.3376510908019,57.87451349804343,389.20251113300645,323.5445414836331,"stone"
"2020-09-15-003759_2.jpg",38.671598614386795,101.90821159012326,311.4697265625,312.5360951238302,"stone"
"2020-09-15-003759_4.jpg",155.27080456336893,101.90821159012326,417.80231252327457,349.230858091752,"stone"
"2020-09-15-003816_2.jpg",42.33821743886544,184.83837356836972,341.5361754825596,442.43551759753547,"stone"
"2020-09-15-003816_1.jpg",55.538161579878356,160.6198381619403,334.20287964715743,438.03217399246705,"stone"
"2020-09-15-003833_1.jpg",60.671457027370906,177.49940932850114,356.202767153364,402.80513399481356,"stone"
"2020-09-15-003816_3.jpg",7.13850216453575,209.79079957564392,289.46989724273834,468.8557539222097,"stone"
"2020-09-15-003816_4.jpg",147.93750872796673,125.39285639570795,434.66887548876616,393.2644979524107,"stone"
"2020-09-15-003833_4.jpg",82.67131544035502,181.16889144843543,346.6695000232746,501.1471732850631,"stone"
"2020-09-15-003833_2.jpg",14.471783453326713,195.1129002116173,316.6029929167701,463.71851971629656,"stone"
"2020-09-15-003833_3.jpg",37.938274849491066,159.15199872882965,348.13614755306605,491.60653724266024,"stone"
"2020-09-15-003852_1.jpg",128.13765070289224,111.44884763252608,394.3358356737214,360.97319505239966,"stone"
"2020-09-15-003852_2.jpg",101.73784970053377,141.53855151927934,359.1360622129469,371.2477216956472,"stone"
"2020-09-15-003852_3.jpg",85.60461049993793,141.53855151927934,312.93637409229143,406.4747034618795,"stone"
"2020-09-15-004002_2.jpg",56.271485344774085,162.08761936362978,296.0698111267999,349.9647486925968,"stone"
"2020-09-15-003852_4.jpg",112.7377643604146,162.08761936362978,360.60270974273834,382.99002954058426,"stone"
"2020-09-15-004002_3.jpg",120.07106019581678,156.21646544116126,296.0698111267999,358.0376035333101,"stone"
"2020-09-15-004002_1.jpg",63.60478118017627,151.8130927203822,316.6029929167701,347.7630768900625,"stone"
"2020-09-15-004002_4.jpg",79.00466752265392,152.54698332122695,290.20322100763406,349.9647486925968,"stone"
"2020-09-15-004018_1.jpg",45.27157068489325,145.9419096822031,231.53694160408392,352.9003402116863,"stone"
"2020-09-15-004018_2.jpg",22.538388507013405,160.6198381619403,229.33697030939672,348.4969674909073,"stone"
"2020-09-15-004018_3.jpg",7.87182592943148,160.6198381619403,221.2703507090988,361.7070856532444,"stone"
"2020-09-15-004018_4.jpg",73.13804831026565,145.20800452350306,261.6033905241435,380.7883577380501,"stone"
"2020-09-15-004033_1.jpg",85.60461049993793,170.89436480518785,332.0029083524702,429.9593191517537,"stone"
"2020-09-15-004033_2.jpg",51.13818989728153,231.0737434629838,334.2028796471574,441.7016269966907,"stone"
"2020-09-15-004033_3.jpg",57.738132874565544,175.2977375259669,313.6696978571872,386.65951166051855,"stone"
"2020-09-15-004033_4.jpg",37.204951084595336,171.6282554060326,269.67001012444143,361.70708565324435,"stone"
"2020-09-15-004048_1.jpg",114.93776474832423,160.6198381619403,353.2694139073362,399.13573922201095,"stone"
"2020-09-15-004048_4.jpg",113.44587884806357,213.46028169557815,326.8696419982002,474.1696113074205,"stone"
"2020-09-15-004146_2.jpg",123.00432616217726,81.35915830362812,370.1359768728277,427.0237567483747,"paper"
"2020-09-15-004048_3.jpg",189.73722516602533,136.40125908194497,430.26887471294685,350.6986684091521,"stone"
"2020-09-15-004048_2.jpg",96.60455425304121,165.75710148356407,307.80310773802137,372.7155028973367,"stone"
"2020-09-15-004146_1.jpg",92.93790633534012,114.38443915161564,365.0027105185576,417.4831207059719,"paper"
"2020-09-15-004203_1.jpg",30.60500810731132,81.35915830362812,362.80268103742554,402.80513399481356,"paper"
"2020-09-15-004146_4.jpg",68.00475286277309,85.76253102440717,296.8031348916956,396.200176818632,"paper"
"2020-09-15-004203_2.jpg",29.13834603090864,77.68966162583854,411.2023404527681,429.9593191517537,"paper"
"2020-09-15-004203_3.jpg",71.67137168725174,62.277886218822466,467.6686194684086,454.1778836738937,"paper"
"2020-09-15-004146_3.jpg",80.47128595922294,91.63368494687569,318.80302239790217,424.0881361135746,"paper"
"2020-09-15-004218_1.jpg",21.805064742117676,68.88294529999102,389.93583489790217,461.51678968234114,"paper"
"2020-09-15-004218_2.jpg",24.00505058341609,71.8185222612253,377.46927270822994,443.1694081983802,"paper"
"2020-09-15-004218_3.jpg",21.071740977221946,82.09304890447287,381.8692152976043,461.51678968234114,"paper"
"2020-09-15-004218_4.jpg",51.13818989728153,119.52170247323943,364.269328567217,478.3963899646126,"paper"
"2020-09-15-004203_4.jpg",52.60483742707299,79.1574719432386,425.1356083586768,441.7016269966907,"paper"
"2020-09-15-004234_1.jpg",29.13834603090864,99.70652522973374,387.00253983831925,469.58958629163334,"paper"
"2020-09-15-004234_2.jpg",91.47125880554866,54.205031378109126,392.8691299574851,446.8389194340251,"paper"
"2020-09-15-004234_3.jpg",109.0711164427135,18.97807144865973,417.80231252327457,412.3457700372163,"paper"
"2020-09-15-004234_4.jpg",74.6046958400571,75.4879898233043,458.13535233831925,459.3151178798069,"paper"
"2020-09-15-004250_1.jpg",2.7385304819389273,101.17432098927851,347.40282378817034,480.59806176714676,"paper"
"2020-09-15-004250_2.jpg",81.93799167545929,79.89136254408335,460.33538181945136,467.3879727205202,"paper"
"2020-09-15-004250_4.jpg",29.13834603090864,99.70652522973374,420.00228381796177,472.5252651578546,"paper"
"2020-09-15-004250_3.jpg",5.671840088133068,73.28630346291479,400.935749557783,462.25068028318583,"paper"
"2020-09-15-004308_1.jpg",153.07083326868172,82.82693950531761,518.2683083648833,482.06590120025743,"paper"
"2020-09-15-004308_2.jpg",213.2037311088009,42.46270897531678,505.0683642238704,477.66249936376784,"paper"
"2020-09-15-004308_4.jpg",107.60446891292204,55.672827137653904,491.8684782693024,422.62035491188504,"paper"
"2020-09-15-004308_3.jpg",164.92552135054618,39.52713201408251,513.8682494026193,485.0014636036364,"paper"
"2020-09-15-004324_3.jpg",49.67154236749007,96.77094826849948,332.73623211736594,380.78835773805,"paper"
"2020-09-15-004324_1.jpg",76.07134336984856,93.8353713072652,343.0027648259062,366.1104001426023,"paper"
"2020-09-15-004324_2.jpg",87.07128712295184,96.03705766765474,295.33642917545933,405.0068640287689,"paper"
"2020-09-15-004324_4.jpg",65.07142870996773,95.30316706680999,296.80313489169566,359.50538473499955,"paper"
"2020-09-15-004347_2.jpg",153.80415703357747,60.81009045927769,463.2686768790343,454.9117742747385,"paper"
"2020-09-15-004347_1.jpg",192.6705493188307,70.35072650168051,465.4686481737215,416.74923010512714,"paper"
"2020-09-15-004347_4.jpg",232.27026536897964,99.70652522973374,521.2016034244663,429.22542855090893,"paper"
"2020-09-15-004347_3.jpg",183.87060595363704,63.01177681966721,511.66833629437684,438.032173992467,"paper"
"2020-09-15-004907_1.jpg",121.53770772560824,179.70111024674594,305.60307825688926,428.4915379500642,"scissor"
"2020-09-15-004749.jpg",98.07120178283267,169.4265544877878,351.06944261264897,413.81360947032704,"paper"
"2020-09-15-004907_4.jpg",190.47054893092107,173.09603660772208,416.33566499348314,462.98462911545175,"scissor"
"2020-09-15-004907_2.jpg",107.60446891292204,171.6282554060326,310.7364027976043,436.56439279077756,"scissor"
"2020-09-15-004907_3.jpg",90.73790594743049,173.82992720856683,282.8699251722319,424.82208494584046,"scissor"
"2020-09-15-004953_1.jpg",43.80492315510179,199.51627293239633,256.470095076651,473.2591557586993,"scissor"
"2020-09-15-004923_2.jpg",199.2704922961147,164.28929116616402,409.7356347365318,487.93702600701545,"scissor"
"2020-09-15-004923_1.jpg",181.67063465894987,188.50782657259344,412.66904616900445,480.59806176714676,"scissor"
"2020-09-15-004923_3.jpg",199.2704922961147,202.4518353357753,403.1357790389151,488.670858376439,"scissor"
"2020-09-15-004923_4.jpg",200.7371689191286,168.69263477123246,446.40211391354273,476.1947181620783,"scissor"
"2020-09-15-004953_3.jpg",17.405093059520855,201.71794473493057,228.60361745127855,481.33195236799156,"scissor"
"2020-09-15-005010_1.jpg",139.13759445599553,174.56381780941157,356.93609091825965,458.58122727896216,"scissor"
"2020-09-15-004953_2.jpg",29.87166979580437,204.65353625402014,222.73699823889027,469.58958629163334,"scissor"
"2020-09-15-005010_2.jpg",108.33779267781777,112.18275279122612,339.3362041878724,389.59510317960815,"scissor"
"2020-09-15-005010_3.jpg",29.87166979580437,141.53855151927934,262.33674338226166,368.3121301765577,"scissor"
"2020-09-15-005027_1.jpg",104.67114476011669,182.63667265012492,332.00290835247023,519.4944965376028,"scissor"
"2020-09-15-005010_4.jpg",34.27165602501241,82.82693950531761,228.60361745127855,364.6426480566234,"scissor"
"2020-09-15-005027_2.jpg",80.47128595922294,171.6282554060326,329.802937057783,504.0827356884421,"scissor"
"2020-09-15-005027_3.jpg",100.27117307751986,116.58612551200517,363.53600480232126,463.71851971629656,"scissor"
"2020-09-15-005027_4.jpg",107.60446891292204,146.67582939875842,344.4694705421425,435.096611589088,"scissor"
"2020-09-15-005115_1.jpg",139.87091822089127,60.81009045927769,387.73586360321497,473.9930463595441,"scissor"
"2020-09-15-005059_3.jpg",241.0702087341733,65.94735378090148,488.93518320971947,399.8696298228557,"scissor"
"2020-09-15-005059_4.jpg",228.60361745127855,57.14062289719868,474.2685915389151,427.75764734921944,"scissor"
"2020-09-15-005059_1.jpg",105.40449761823486,200.98405413408582,310.7364027976043,495.275990246884,"scissor"
"2020-09-15-005059_2.jpg",140.60424198578698,153.2808739220717,334.93620341205315,476.19471816207835,"scissor"
"2020-09-15-005158_2.jpg",105.40449761823486,170.89436480518785,391.40248242769366,477.6624993637678,"scissor"
"2020-09-15-005115_2.jpg",201.47049268402432,150.34528240298215,426.6022558884682,476.9286087629231,"scissor"
"2020-09-15-005115_4.jpg",130.3376510908019,151.07920211953746,332.73623211736594,485.73535420448115,"scissor"
"2020-09-15-005115_3.jpg",134.00429900850298,168.69263477123246,369.402653107932,489.4048072087049,"scissor"
"2020-09-15-005158_1.jpg",120.80438396071251,176.03162812681165,340.0695279527681,480.5980617671468,"scissor"
"2020-09-15-005158_4.jpg",106.87114514802632,247.21945314441047,344.4694705421425,496.0098808477287,"scissor"
"2020-09-15-005217_1.jpg",585.3426017874878,369.22261484098937,674.955312810328,519.964664310954,"stone"
"2020-09-15-005158_3.jpg",129.60432732590616,203.9196456531754,351.8027663775447,457.11344607727267,"scissor"
"2020-09-16-003851.jpg",125.20435564330934,211.99247137817815,356.9360909182597,388.8612125787634,"stone"
"2020-09-15-005214_1.jpg",109.0711164427135,212.7263619790229,329.802937057783,489.4048072087049,"scissor"
"2020-09-16-003900_2.jpg",176.53731011823487,217.12973469980193,408.26904539318525,424.82208494584046,"stone"
"2020-09-16-003900_1.jpg",124.47103187841361,196.5806814133068,380.4025677678128,399.8696298228557,"stone"
"2020-09-16-003900_4.jpg",272.6033342772468,151.8130927203822,495.5350970937811,381.52224833889477,"stone"
"2020-09-16-003900_3.jpg",229.33697030939672,178.9671905301906,495.535097093781,406.4747034618796,"stone"
"2020-09-16-003915_1.jpg",252.8034762521723,117.32001611284991,483.06853490410873,366.1104001426023,"stone"
"2020-09-16-003915_2.jpg",282.7966102516758,136.84161964659134,517.4616114929867,379.0270028265963,"stone"
"2020-09-16-003930_2.jpg",153.07083326868172,27.050919010445423,477.201886598498,399.13573922201095,"stone"
"2020-09-16-003915_4.jpg",208.80375942620407,33.65597809161399,474.2685915389151,410.878047066948,"stone"
"2020-09-16-003915_3.jpg",244.73685665187438,112.18275279122612,481.60188737431724,365.3765677731787,"stone"
"2020-09-16-003930_1.jpg",101.73784970053377,1.364587844471207,395.80248320351296,365.3765677731787,"stone"
"2020-09-16-003930_4.jpg",458.13535233831925,204.65353625402014,672.2672299761048,462.2506802831859,"stone"
"2020-09-16-003930_3.jpg",167.73739584626367,59.3423092575882,545.40146222536,426.28986614753,"stone"
"2020-09-16-003954_1.jpg",194.87052061351787,123.92507519401848,453.00208598404913,363.1748668549339,"stone"
"2020-09-16-003954_3.jpg",81.20463881734112,24.115342049211158,356.20276715336394,380.7883577380501,"stone"
"2020-09-16-003954_2.jpg",153.80415703357747,62.277886218822466,375.26930141354273,330.1495860069464,"stone"
"2020-09-16-004015_1.jpg",116.40441227811569,113.65053399291561,375.2693014135427,420.4186831093508,"stone"
"2020-09-16-004015_3.jpg",33.53830316689424,191.44341809168301,346.6695000232746,435.83050218993276,"stone"
"2020-09-16-003954_4.jpg",71.67137168725174,123.92507519401848,401.66907332267874,428.4915379500642,"stone"
"2020-09-16-004015_2.jpg",23.271712271909138,95.30316706680999,289.4698972427383,382.99002954058426,"stone"
"2020-09-16-004015_4.jpg",60.671457027370906,194.37900961077256,321.73631745748514,476.1947181620783,"stone"
"2020-09-16-004441_4.jpg",67.27140000465492,150.34528240298215,409.7356347365318,521.6962265715582,"paper"
"2020-09-16-004459_1.jpg",44.53824691999752,135.66736848110023,408.2690453931852,499.6793338519524,"paper"
"2020-09-16-004441_1.jpg",101.00452593563803,43.93050473486156,430.26887471294685,378.5866568198053,"paper"
"2020-09-16-004441_2.jpg",69.47140039256455,45.398300494406335,410.4690166878724,394.73233738552136,"paper"
"2020-09-16-004441_3.jpg",115.67108851321996,158.41813724369547,444.93546638375125,496.74377144857345,"paper"
"2020-09-16-004459_3.jpg",48.93821860259434,189.97563688999352,312.2030503273958,457.11344607727267,"paper"
"2020-09-16-004459_4.jpg",107.60446891292204,228.13818105960482,332.0029083524702,504.0827356884421,"paper"
"2020-09-16-004459_2.jpg",158.93745248107,217.12973469980193,389.93583489790217,454.91177427473843,"paper"
"2020-09-16-004515_1.jpg",83.40463920525075,63.74566742051196,279.20330634775326,291.25315123649034,"paper"
"2020-09-16-004515_2.jpg",302.66978319730634,35.857664452003505,542.4681089793321,320.60894996454357,"paper"
"2020-09-16-004515_4.jpg",253.53680001706803,90.89979434603094,516.0682788837513,314.00390544123024,"paper"
"2020-09-16-004543_2.jpg",152.33748041056356,87.96421738479668,360.60270974273834,376.38492678584987,"scissor"
"2020-09-16-004543_1.jpg",87.80461088784757,120.25559307408417,384.06924477873633,402.8051339948135,"scissor"
"2020-09-16-004543_3.jpg",151.6041275524454,113.65053399291561,405.3357503336023,406.4747034618795,"scissor"
"2020-09-16-004515_3.jpg",416.33566499348314,58.60838954103288,673.0005537410005,298.5921154763589,"paper"
"2020-09-16-004559_2.jpg",169.20404337605513,176.7655187276564,345.2027943070383,421.1525737101956,"scissor"
"2020-09-16-004559_3.jpg",293.8698398321127,121.72335971791837,434.6688754887661,352.1664496108416,"scissor"
"2020-09-16-004559_4.jpg",348.13614755306605,109.24716127213657,502.13506916428753,344.82748537097297,"scissor"
"2020-09-16-004543_4.jpg",219.07035032118918,105.57769371005756,431.7355804291832,392.5306655829871,"scissor"
"2020-09-16-004559_1.jpg",176.53731011823487,130.53011971733173,496.2684208586768,376.38492678584987,"scissor"
"rps_0_1001.jpeg",4.938516323237339,84.29473526486238,202.20381644892007,363.1748668549339,"scissor"
"2020-09-16-004614_4.jpg",607.0010075952706,210.52469017648866,870.2658684132945,489.4048072087049,"scissor"
"2020-09-16-004614_2.jpg",205.87046436662115,52.737250176419636,570.3345866047046,440.23384579500123,"scissor"
"2020-09-16-004614_1.jpg",296.0698111267999,10.905223886874033,517.5349845999876,380.78835773805,"scissor"
"2020-09-16-004614_3.jpg",205.87046436662115,258.22787038850277,428.8022271831554,520.2284453698687,"scissor"
"rps_0_1025.jpeg",674.4672012707921,337.4449421912958,842.3993326014772,540,"scissor"
"rps_0_1003.jpeg",130.3376510908019,119.52170247323943,520.4682796595705,460.0489502492305,"paper"
"rps_0_1038.jpeg",151.6041275524454,100.44043038843377,385.5358923085278,336.0207399294149,"stone"
"rps_0_1037.jpeg",196.33719723653178,193.64508989421722,435.4021992536619,413.813609470327,"stone"
"rps_0_1049.jpeg",30.60500810731132,154.01476452291644,216.870379026502,451.9761536399383,"scissor"
"rps_0_1054.jpeg",673.0005537410005,258.96173187363695,906.1987910796302,505.5505168901316,"stone"
"rps_0_1056.jpeg",514.6016313539598,226.67037074220477,747.8000432519241,480.59806176714676,"stone"
"rps_0_1064.jpeg",638.5341040451217,32.18818233206921,892.2656977330562,242.81608042363143,"stone"
"rps_0_1051.jpeg",612.1343321359856,127.59454275609748,886.3991076138902,438.03217399246705,"paper"
"rps_0_1088.jpeg",164.8040716934583,162.82150996447453,386.26921607342354,415.28144890343765,"stone"
"rps_0_1116.jpeg",161.06287421249763,14.114434065762117,372.3597845682284,249.72106398629413,"stone"
"rps_0_1091.jpeg",590.8677683946748,145.9419096822031,833.5994474227284,435.09661158908807,"scissor"
"rps_0_1127.jpeg",568.1346153100174,1.364587844471207,879.0657535920432,289.0514794339561,"paper"
"rps_0_1119.jpeg",43.80492315510179,136.40125908194497,378.20259647312565,506.28440749097626,"paper"
"rps_0_1103.jpeg",625.3342180905537,48.3338774556406,909.1322025121028,380.7883577380501,"scissor"
"rps_0_1166.jpeg",516.0682788837513,261.16346190759236,727.2668614619539,477.66249936376784,"stone"
"rps_0_1157.jpeg",242.6102002777434,0,421.54230445475434,201.30742049469964,"stone"
"rps_0_1198.jpeg",108.33779267781777,83.56084466401764,409.00231097163606,384.4577816265632,"paper"
"rps_0_1167.jpeg",189.73722516602533,231.0737434629838,447.86876144333417,525.365679575782,"paper"
"rps_0_1185.jpeg",550.5347285796302,54.205031378109126,757.3333103820135,269.9702073491504,"stone"
"rps_0_1213.jpeg",171.4040146707423,133.4657112364213,398.0024544982001,366.1104001426023,"stone"
"rps_0_1250.jpeg",161.87074754065293,201.71794473493057,436.8688467834533,508.48607929351056,"paper"
"rps_0_1228.jpeg",33.53830316689424,288.31755971740074,283.6032489371276,540,"stone"
"rps_0_1249.jpeg",669.3339349165219,320.6089499645435,918.6654696421922,540,"scissor"
"rps_0_1217.jpeg",28.40502226601291,140.07075575973457,279.20330634775326,416.74923010512714,"paper"
"rps_0_1304.jpeg",460.33538181945136,239.8804597888313,700.8670313663729,465.18630091798605,"stone"
"rps_0_1251.jpeg",677.4004963303748,210.52469017648866,911.3322319932348,486.4692448053259,"scissor"
"rps_0_13.jpeg",470.60197271443644,10.17133328602929,763.1999005011792,274.37355095421884,"scissor"
"rps_0_130.jpeg",120.80438396071251,279.51084339155324,395.8024832035129,528.3012419791609,"stone"
"rps_0_1301.jpeg",691.3337642362835,110.71495703168135,908.398936933652,355.8359317307759,"stone"
"rps_0_1347.jpeg",176.53731011823487,112.91664339207087,417.8023125232746,360.97319505239966,"stone"
"rps_0_1318.jpeg",205.13711150850298,198.04846261499628,449.3354089731256,432.89488155513266,"stone"
"rps_0_1359.jpeg",545.40146222536,21.91365568882164,753.6666333710898,210.52469017648866,"stone"
"rps_0_1322.jpeg",230.80361783918818,231.0737434629838,540.268137684645,540,"paper"
"rps_0_1329.jpeg",133.27094615038482,82.09304890447287,343.73614677724674,344.0935947701282,"stone"
"rps_0_1367.jpeg",98.7129559400605,0,291.20592331304783,230.91212796274388,"stone"
"rps_0_1360.jpeg",260.13674299435206,166.49099208440882,497.7351265749131,443.90335703064613,"stone"
"rps_0_1388.jpeg",85.60461049993793,0,433.20222795897473,421.1525737101956,"paper"
"rps_0_1374.jpeg",134.7376227733987,295.65652395726937,349.6027950828575,505.5505168901316,"scissor"
"rps_0_1394.jpeg",615.0676271955685,113.65053399291561,886.3991076138902,444.6372476314909,"scissor"
"rps_0_1430.jpeg",650.267400656343,89.43199858648617,901.0655829118048,387.39340226136335,"paper"
"rps_0_1396.jpeg",719.200241861656,186.3061547700592,953.131977524516,435.09661158908807,"stone"
"rps_0_1410.jpeg",162.6041003987711,111.44884763252608,437.6021123619042,430.69320975259836,"paper"
"rps_0_143.jpeg",689.8671167064921,43.93050473486156,890.0656682519241,285.38199731402176,"scissor"
"rps_0_1413.jpeg",535.8681950952706,3.566274204860728,903.2656123929369,369.0460207774024,"paper"
"rps_0_1533.jpeg",195.6038443784136,345.5613759718177,409.7356347365318,536.3740968198742,"stone"
"rps_0_1462.jpeg",567.4012915451217,231.0737434629838,925.9988236640393,527.5673513783162,"paper"
"rps_0_1572.jpeg",510.9350125294811,25.583123250900645,718.4669180967602,245.75164282701041,"stone"
"rps_0_1443.jpeg",629.734160679928,201.71794473493057,861.4658668616559,431.42704212202204,"stone"
"rps_0_1482.jpeg",554.9347293554493,179.70111024674594,769.0666069932348,412.3457700372163,"stone"
"rps_0_1538.jpeg",439.8021418430363,20.44585992927686,703.8003264259559,275.1074706707742,"paper"
"rps_0_1594.jpeg",520.4682796595705,117.32001611284991,728.0001852268496,357.3037129324654,"paper"
"rps_0_1591.jpeg",235.203589521785,284.648106713177,464.00200064393,507.018298091821,"stone"
"rps_0_1587.jpeg",552.0013761094216,149.61136268642682,906.9322894038605,512.8894811300001,"paper"
"rps_0_1604.jpeg",222.00367447399455,221.53310742058096,398.7357782630959,527.5673513783162,"scissor"
"rps_0_1618.jpeg",536.6015188601664,35.12375929330347,817.4662082221325,370.51383109480247,"paper"
"rps_0_1620.jpeg",373.06927193241063,87.23029766824136,584.2678545106132,326.4801038870121,"stone"
"rps_0_1664.jpeg",571.801234134496,62.277886218822466,791.7995855185576,340.42411265019393,"scissor"
"rps_0_165.jpeg",278.46992439641264,136.40125908194497,446.40211391354273,407.9424846635691,"scissor"
"rps_0_1662.jpeg",626.0675418554493,101.90821159012326,851.9325997315666,350.6986684091521,"stone"
"rps_0_1755.jpeg",356.20276715336394,67.41514954044625,497.00174462357245,297.12430515895886,"scissor"
"rps_0_169.jpeg",395.0691594386172,3.566274204860728,633.4008376908515,283.9141869966217,"stone"
"rps_0_167.jpeg",57.738132874565544,97.5048534271995,285.8031620453699,309.6005327204512,"scissor"
"rps_0_1679.jpeg",0,19.081272084805654,87.70605759682226,171.6282554060325,"stone"
"rps_0_1741.jpeg",482.335211139213,110.71495703168135,818.9328557519241,450.50831420682766,"paper"
"rps_0_1813.jpeg",216.13705526160626,347.02918628921776,429.5355509480512,540,"scissor"
"rps_0_1762.jpeg",340.0695279527681,262.63124310928185,548.334757284943,535.6401479876083,"scissor"
"rps_0_1783.jpeg",581.3345012645854,98.23874402804425,876.1324585324603,442.43551759753547,"paper"
"rps_0_1804.jpeg",686.9337634604642,85.02862586570713,917.1988221124006,333.0851775260359,"stone"
"rps_0_1807.jpeg",156.00409923504222,7.235749045867381,487.4684774934832,314.0039054412303,"paper"
"rps_0_1818.jpeg",762.4665767362835,46.86606713824053,960,291.2531512364903,"scissor"
"rps_0_1828.jpeg",490.40183073951096,118.05390671369464,689.8671167064921,393.2644979524107,"stone"
"rps_0_1832.jpeg",614.3343034306728,52.0033450177196,960,433.6287721559774,"paper"
"rps_0_1842.jpeg",283.6032489371276,210.52469017648866,464.00200064393,396.20017681863203,"stone"
"rps_0_1834.jpeg",205.87046436662115,233.2754443812286,411.9356642176639,471.7913163255887,"paper"
"rps_0_1893.jpeg",211.00375981411372,76.95578558284907,436.86884678345336,341.15803236674924,"stone"
"rps_0_1912.jpeg",692.0670880011793,51.269454416874865,879.0657535920433,269.2362876325951,"stone"
"rps_0_1876.jpeg",595.267769170494,53.47114077726438,791.0664363129965,287.583669116556,"stone"
"rps_0_1877.jpeg",453.7354097489449,151.8130927203822,809.3995886218347,505.5505168901315,"paper"
"rps_0_1878.jpeg",475.7100297914598,0,747.8000432519241,290.9893992932862,"stone"
"rps_0_203.jpeg",469.8686489495407,11.639107208791133,837.9993900121028,385.19167222740793,"paper"
"rps_0_1966.jpeg",76.07134336984856,54.205031378109126,314.40296343563807,313.27001484038556,"stone"
"rps_0_1940.jpeg",719.200241861656,91.63368494687569,960,361.7070856532444,"scissor"
"rps_0_196.jpeg",235.93691328668075,238.4127077028524,521.934927189362,540,"paper"
"rps_0_2044.jpeg",684.7337921657771,249.42109583123414,895.198992792639,498.21149441884177,"stone"
"rps_0_2089.jpeg",196.41051215708788,87.15692607758322,428.14227652526074,340.35074105953584,"stone"
"rps_0_2054.jpeg",565.2013202504345,162.08761936362978,802.0663509728774,398.4018486211662,"stone"
"rps_0_2102.jpeg",0,0,164.07074792856255,78.42358134239386,"stone"
"rps_0_21.jpeg",641.4674572911495,111.44884763252608,903.2656123929369,321.3428405653883,"stone"
"rps_0_2070.jpeg",584.2678545106132,5.03406268547786,812.3328836814176,286.1158879148665,"scissor"
"rps_0_2105.jpeg",27.08499003072245,48.9209957594585,214.8170666661495,277.8962607771263,"scissor"
"rps_0_2120.jpeg",747.0667194870283,121.72335971791837,931.8654137832051,297.8581957598036,"stone"
"rps_0_2138.jpeg",31.33833187220705,201.71794473493057,236.67023705157646,451.2422630390936,"scissor"
"rps_0_2108.jpeg",130.3376510908019,129.06233851564227,430.2688747129469,446.1050288331803,"paper"
"rps_0_2103.jpeg",35.73830355480387,232.54155378038385,293.136516067217,505.5505168901316,"scissor"
"rps_0_2152.jpeg",546.1347859902558,250.15501554778945,762.4665767362835,529.0351908114269,"stone"
"rps_0_2153.jpeg",141.33756575068273,21.91365568882164,399.46910202799154,341.891922967594,"paper"
"rps_0_2146.jpeg",482.335211139213,12.373019646418811,719.200241861656,350.6986684091521,"stone"
"rps_0_2158.jpeg",194.13719684862215,246.48556254356572,396.5358069684087,491.60653724266024,"scissor"
"rps_0_2160.jpeg",100.27117307751986,0,365.0027105185576,207.5890986573991,"paper"
"rps_0_2177.jpeg",480.8685636094216,101.17432098927851,884.1990781327582,440.23384579500123,"paper"
"rps_0_2168.jpeg",145.0042136683838,0,393.6025119088257,162.82150996447453,"stone"
"rps_0_2180.jpeg",664.2006103758068,45.398300494406335,928.9321187236221,327.94791420441214,"stone"
"rps_0_2186.jpeg",571.0679103696003,79.1574719432386,864.3992782941286,520.2284453698687,"paper"
"rps_0_2209.jpeg",601.1343592896599,105.57769371005756,833.5994474227284,321.3428405653883,"stone"
"rps_0_2238.jpeg",604.0677125356877,98.972634628889,776.3998446421922,349.230858091752,"stone"
"rps_0_2212.jpeg",260.8700667592478,199.51627293239633,489.6685069746152,413.07971886948224,"stone"
"rps_0_2225.jpeg",129.60432732590616,104.84380310921281,359.13606221294685,413.81360947032704,"scissor"
"rps_0_2219.jpeg",501.40174539939176,27.050919010445423,712.6002697911495,258.22787038850277,"stone"
"rps_0_2253.jpeg",505.0683642238704,13.106910247263555,752.1999858412984,302.26156848058264,"stone"
"rps_0_2270.jpeg",18.871755135923536,242.81608042363143,200.00381606101044,433.6287721559774,"stone"
"rps_0_2283.jpeg",190.47054893092107,137.1351787985003,455.9353810436321,503.34884508759734,"scissor"
"rps_0_2259.jpeg",188.27057763623387,48.3338774556406,580.6011774996897,377.85276621896054,"paper"
"rps_0_2268.jpeg",10.80513553562562,284.648106713177,250.60347586426266,507.018298091821,"scissor"
"rps_0_2257.jpeg",700.8670313663729,0,956.7985381625497,174.56381780941157,"paper"
"rps_0_2303.jpeg",32.80497940199851,199.51627293239633,295.33642917545933,526.0995119452056,"scissor"
"rps_0_2319.jpeg",97.33787801793694,168.69263477123246,280.6699538775447,395.4662279863661,"scissor"
"rps_0_2284.jpeg",194.87052061351787,283.18029639577696,449.3354089731256,533.4385344164953,"stone"
"rps_0_2338.jpeg",551.2680523445258,59.3423092575882,958.9985676436818,468.8557539222097,"paper"
"rps_0_2295.jpeg",172.8706912937562,265.5668346283714,374.53597764864696,529.7690814122716,"paper"
"rps_0_2353.jpeg",254.27012378196375,77.68966162583854,436.1355230185576,348.49696749090725,"stone"
"rps_0_236.jpeg",208.80375942620412,130.53011971733173,443.2969215491559,373.9929328621908,"stone"
"rps_0_2355.jpeg",141.33756575068273,58.60838954103288,458.86867610321497,384.4577816265632,"paper"
"rps_0_2363.jpeg",547.6014335200472,245.01775222616567,766.1331955607621,524.6317889749372,"scissor"
"rps_0_2357.jpeg",448.6020852082299,216.39584409895718,691.3337642362835,490.87258841039437,"stone"
"rps_0_2386.jpeg",75.26470468439675,3.1259427559249255,328.8977159880834,218.4805653710247,"scissor"
"rps_0_240.jpeg",375.26930141354273,107.04548946960233,576.2012349103153,332.3512869251912,"scissor"
"rps_0_2387.jpeg",218.33702655629344,192.91119929337248,444.20214261885553,537.8418780215637,"scissor"
"rps_0_2368.jpeg",326.1362600468595,311.80220452298545,535.1348131439299,540,"scissor"
"rps_0_2406.jpeg",596.0010929353898,173.82992720856683,876.1324585324603,507.75213046124463,"stone"
"rps_0_2428.jpeg",568.1346153100174,35.857664452003505,756.5999866171177,184.1044538518144,"stone"
"rps_0_2434.jpeg",304.13643072709783,19.71196932843212,533.6681656141386,261.16346190759236,"paper"
"rps_0_2420.jpeg",535.13481314393,55.672827137653904,792.5330838427881,369.0460207774024,"scissor"
"rps_0_242.jpeg",254.27012378196375,2.098471166388306,488.93518320971947,316.9394678446093,"scissor"
"rps_0_2426.jpeg",487.46847749348314,278.0430330741532,745.6000719572369,530.5029720131163,"scissor"
"rps_0_2481.jpeg",425.1356083586768,253.82449766772376,678.1338782817155,540,"scissor"
"rps_0_2453.jpeg",283.6032489371276,118.78779731453939,505.0683642238704,335.28684932857016,"stone"
"rps_0_2490.jpeg",326.8696419982001,154.01476452291644,516.0682788837512,349.9647486925968,"stone"
"rps_0_2466.jpeg",589.4011208648833,227.40429045876007,920.1321171719836,529.7690814122716,"paper"
"rps_0_2471.jpeg",639.2674278100174,222.2670271371363,846.0660096124006,498.9454432511077,"scissor"
"rps_0_2496.jpeg",746.3333957221325,115.85222035330513,924.5321761342477,421.8864060796192,"paper"
"rps_0_2542.jpeg",654.6673432457175,154.74865512376118,840.9326850716857,382.25613893973957,"stone"
"rps_0_250.jpeg",62.138104557162364,241.34829922194194,239.60356120438183,454.91177427473843,"stone"
"rps_0_2527.jpeg",528.5348992598684,77.68966162583854,746.3333957221325,325.0123226853226,"scissor"
"rps_0_2523.jpeg",601.1343592896599,190.70952749083827,832.8660654713877,514.3572623316896,"paper"
"rps_0_2543.jpeg",227.87029368638284,66.6812589396015,430.26887471294685,311.0683139221407,"stone"
"rps_0_2564.jpeg",181.67063465894987,115.11832975246038,500.6684216344961,447.57281003486986,"paper"
"rps_0_2570.jpeg",505.80168798876616,44.6643953357063,732.400127816224,384.45778162656325,"scissor"
"rps_0_2576.jpeg",150.8708328807721,334.5529587277254,323.93623056572744,537.107987420719,"scissor"
"rps_0_2565.jpeg",167.00404298814547,170.1604742043431,354.0027376722319,438.76606459331174,"scissor"
"rps_0_2602.jpeg",250.60347586426266,162.82150996447453,458.86867610321497,468.8557539222097,"scissor"
"rps_0_2589.jpeg",532.9347836627979,45.398300494406335,736.8001285920432,236.21100678460758,"stone"
"rps_0_2647.jpeg",515.3349551188555,297.8581957598036,728.0001852268496,540,"scissor"
"rps_0_2638.jpeg",268.93668635954566,137.1351787985003,491.8684782693024,351.4325590099968,"stone"
"rps_0_2667.jpeg",91.47125880554866,214.19417229642295,280.6699538775447,427.75764734921944,"stone"
"rps_0_2672.jpeg",5.671840088133068,216.39584409895718,346.6695000232746,533.4385344164953,"paper"
"rps_0_2701.jpeg",597.4677404651812,53.47114077726438,950.198682464933,363.90875745577864,"paper"
"rps_0_2712.jpeg",120.21771913015147,61.3972087630956,324.08297677972945,272.7589974555026,"stone"
"rps_0_2688.jpeg",22.538388507013405,74.75409922245956,273.3366580421425,368.3121301765577,"paper"
"rps_0_2690.jpeg",0,177.49940932850114,233.00358913387538,408.67637526441376,"paper"
"rps_0_2732.jpeg",626.8008656203451,154.74865512376118,906.9322894038605,411.61193766779274,"stone"
"rps_0_2772.jpeg",202.20381644892007,215.66195349811244,386.26921607342354,446.8389194340251,"stone"
"rps_0_2760.jpeg",63.60478118017627,29.252605370834942,428.8022271831554,410.878047066948,"paper"
"rps_0_2720.jpeg",156.00409923504222,338.95633144850444,431.00225666428753,540,"stone"
"rps_0_2754.jpeg",150.8708328807721,49.06776805648534,384.06924477873633,289.78537003480085,"scissor"
"rps_0_2805.jpeg",199.2704922961147,187.77390685603814,425.1356083586768,491.6065372426603,"scissor"
"rps_0_2799.jpeg",106.87114514802632,56.40670318064336,373.06927193241063,324.27843208447786,"stone"
"rps_0_2798.jpeg",45.27157068489325,88.69810798564143,342.2694992474553,350.6986684091521,"stone"
"rps_0_2877.jpeg",705.2669739557473,282.4464057949322,942.8653284430859,531.9707532148058,"stone"
"rps_0_2885.jpeg",48.204865744476166,314.737796042075,263.0700671471574,534.9063156181847,"stone"
"rps_0_2900.jpeg",592.3344159244663,307.3988318022064,806.4662935622517,524.6317889749372,"stone"
"rps_0_2986.jpeg",131.80429862059336,178.2332708136353,383.3358628273958,498.9454432511077,"scissor"
"rps_0_2944.jpeg",488.20185944482375,172.36214600687734,717.0002705669688,462.25068028318583,"scissor"
"rps_0_2956.jpeg",125.20435564330934,44.6643953357063,411.9356642176638,368.31213017655773,"stone"
"rps_0_2919.jpeg",228.60361745127855,49.80165865733009,593.8011216407026,359.5053847349996,"stone"
"rps_0_2992.jpeg",65.80475247486346,216.39584409895718,310.7364027976043,535.6401479876083,"paper"
"rps_0_3022.jpeg",128.13765070289224,2.098471166388306,445.66879014864696,449.04059123655935,"paper"
"rps_0_3027.jpeg",356.20276715336394,269.9702073491504,563.734614534198,540,"scissor"
"rps_0_3020.jpeg",355.9093910982498,0,630.9074903410501,310.43763123636955,"scissor"
"rps_0_3000.jpeg",69.47140039256455,286.84977851571125,277.0033059598436,540,"scissor"
"rps_0_3068.jpeg",2.005192170431976,124.6589657948632,271.1366576542329,393.2644979524107,"stone"
"rps_0_303.jpeg",469.135325184645,85.76253102440717,743.4000424761048,319.8750593636988,"stone"
"rps_0_3042.jpeg",527.068251730077,179.70111024674594,761.7332529713879,521.6962265715582,"scissor"
"rps_0_3048.jpeg",129.60432732590616,118.78779731453939,394.3358356737215,374.9171455841603,"stone"
"rps_0_3073.jpeg",494.0684495639896,297.12430515895886,741.2000711814176,540,"stone"
"rps_0_3082.jpeg",153.80415703357747,100.44043038843377,469.135325184645,496.74377144857345,"paper"
"rps_0_3093.jpeg",591.6010921595705,294.1887427555799,841.6660670230262,534.9063156181847,"scissor"
"rps_0_3141.jpeg",536.6015188601664,3.566274204860728,780.7997872315666,156.95035604200598,"stone"
"rps_0_3162.jpeg",32.07165563710278,329.41569540610163,303.40310696220206,540,"stone"
"rps_0_3133.jpeg",134.7376227733987,228.13818105960482,404.60242656870656,466.6540821196755,"stone"
"rps_0_3193.jpeg",578.4012062050025,189.24174628914878,865.1325438725794,458.58122727896216,"stone"
"rps_0_3184.jpeg",497.0017446235725,96.77094826849948,708.200327201775,362.44097625408915,"scissor"
"rps_0_3192.jpeg",708.200327201775,188.50782657259344,911.3322319932348,502.6149544867526,"scissor"
"rps_0_3196.jpeg",543.9347565091236,165.75710148356407,835.06609495252,517.2927665036475,"paper"
"rps_0_3200.jpeg",557.1347006501366,45.398300494406335,835.7994769038605,341.15803236674924,"paper"
"rps_0_3221.jpeg",109.80444020760923,5.03406268547786,377.4692727082299,352.90034021168634,"paper"
"rps_0_3218.jpeg",601.8676830545556,242.0821898227867,813.0662656327582,468.8557539222097,"stone"
"rps_0_3239.jpeg",158.2041287161743,86.49642162525191,517.5349845999876,442.43551759753547,"paper"
"rps_0_3230.jpeg",321.7363174574851,35.857664452003505,590.8677683946748,286.84977851571125,"paper"
"rps_0_3238.jpeg",40.1382752374007,96.77094826849948,228.60361745127855,352.9003402116863,"scissor"
"rps_0_3240.jpeg",186.8039301064424,60.81009045927769,436.1355230185576,316.2055772437645,"stone"
"rps_0_3256.jpeg",675.9338488005834,100.44043038843377,898.1322878522219,349.96474869259674,"scissor"
"rps_0_3251.jpeg",657.6006383053004,223.00091773798104,909.8655844634434,432.89488155513266,"stone"
"rps_0_3243.jpeg",642.2007810560452,130.53011971733173,863.6658963427881,340.42411265019393,"stone"
"rps_0_3254.jpeg",535.8681950952706,52.737250176419636,797.666408383503,371.2477216956472,"scissor"
"rps_0_3268.jpeg",172.8706912937562,132.73180607772127,422.9356370639896,386.6595116605186,"paper"
"rps_0_3274.jpeg",25.471698113207548,72.55241286207004,355.4694433884682,388.86121257876334,"paper"
"rps_0_3276.jpeg",107.60446891292204,112.91664339207087,274.80330557193395,319.87505936369877,"stone"
"rps_0_3269.jpeg",456.6686466220829,163.55540056531927,782.2663183884682,534.1724250173401,"paper"
"rps_0_3278.jpeg",297.5364586565914,215.66195349811244,448.60208520822994,446.1050288331803,"scissor"
"rps_0_3306.jpeg",503.60171669407896,115.11832975246038,704.5336501908515,332.3512869251912,"stone"
"rps_0_3289.jpeg",356.9360909182597,360.2393044515549,408.26904539318525,411.61193766779274,"stone"
"rps_0_3310.jpeg",541.0014614495407,132.73180607772127,797.6664083835029,434.3627209882433,"scissor"
"rps_0_3284.jpeg",532.9347836627979,344.82748537097297,851.9325997315666,539.3097174546743,"stone"
"rps_0_3313.jpeg",569.6012628398089,46.13219109525107,755.866662852222,252.35671646603427,"stone"
"rps_0_3377.jpeg",611.400950184645,220.79918770402566,871.7325159430859,469.5895862916333,"stone"
"rps_0_3374.jpeg",719.200241861656,165.75710148356407,950.9319480433838,421.1525737101956,"scissor"
"rps_0_3393.jpeg",150.8708328807721,113.65053399291561,479.40191607963015,417.4831207059719,"paper"
"rps_0_3420.jpeg",210.27043604921798,52.737250176419636,444.20214261885553,289.0514794339561,"paper"
"rps_0_3344.jpeg",469.135325184645,167.22488268525356,702.3336788961644,458.58122727896216,"scissor"
"rps_0_3478.jpeg",189.00390140112958,73.28630346291479,482.335211139213,391.7967749821423,"scissor"
"rps_0_3439.jpeg",175.0706625884434,118.05390671369464,502.13506916428753,488.67085837643896,"paper"
"rps_0_3431.jpeg",671.533906211209,163.55540056531927,887.8657551436817,387.39340226136335,"stone"
"rps_0_3464.jpeg",193.4038730837264,198.7823823315516,617.2675984902558,502.6149544867526,"paper"
"rps_0_3442.jpeg",567.4012915451217,178.9671905301906,759.5332816767007,429.9593191517537,"scissor"
"rps_0_3488.jpeg",227.87029368638284,85.76253102440717,519.7349558946748,379.3205765363606,"stone"
"rps_0_3485.jpeg",215.40373149671052,184.83837356836972,450.80211468936193,379.3205765363606,"stone"
"rps_0_3496.jpeg",684.7337921657771,250.88893526434478,886.3991076138904,493.07431844434973,"scissor"
"rps_0_3507.jpeg",139.87091822089127,147.40971999960317,349.6027950828575,416.74923010512714,"scissor"
"rps_0_3524.jpeg",93.67123010023585,174.56381780941157,277.0033059598436,377.11887561811574,"stone"
"rps_0_3538.jpeg",130.77762789380589,266.88784353303396,340.5095338489946,526.643109540636,"scissor"
"rps_0_3556.jpeg",523.4015165327086,116.58612551200517,755.866662852222,353.6342308125311,"paper"
"rps_0_3570.jpeg",527.068251730077,182.63667265012492,760.2666054415963,476.9286087629231,"scissor"
"rps_0_356.jpeg",576.9345586752111,283.9141869966217,797.666408383503,534.9063156181847,"scissor"
"rps_0_3625.jpeg",549.0680810498386,0,786.6663773507323,169.4265544877878,"stone"
"rps_0_3639.jpeg",664.9339341407026,286.1158879148665,880.5324011218347,518.0267153359133,"scissor"
"rps_0_365.jpeg",203.67046397871152,0,402.4023970875745,187.04004537090395,"paper"
"rps_0_3651.jpeg",121.53770772560824,245.75164282701041,322.4696412223808,463.71851971629656,"stone"
"rps_0_3629.jpeg",566.6679677802259,30.720386572524433,799.8663214917453,366.11040014260226,"scissor"
"rps_0_3638.jpeg",51.87148456895482,268.50236791603976,300.46981190261914,487.20313540617065,"stone"
"rps_0_3662.jpeg",632.6675139259559,169.4265544877878,851.1993341531157,370.5138310948025,"stone"
"rps_0_368.jpeg",618.0009222551514,84.29473526486238,823.3327983412984,377.11887561811574,"scissor"
"rps_0_3696.jpeg",155.27080456336893,205.38742685486486,367.93600557814057,484.26757300279166,"scissor"
"rps_0_3656.jpeg",480.1352398445258,159.88591844538496,783.7330822911495,454.1778836738937,"stone"
"rps_0_3699.jpeg",414.13569369879593,180.4350008475907,662.7339628460154,413.81360947032704,"stone"
"rps_0_373.jpeg",303.4031069622021,0,620.2008935498386,278.0430330741532,"scissor"
"rps_0_3723.jpeg",164.8040716934583,65.21346318005673,473.53526777401936,356.5698223316206,"stone"
"rps_0_3746.jpeg",607.7343313601664,2.098471166388306,942.8653284430859,344.0935947701282,"paper"
"rps_0_3730.jpeg",651.7340481861346,31.454291731224465,960,352.1664496108416,"scissor"
"rps_0_3744.jpeg",518.2683083648833,156.95035604200598,777.8664921719836,454.91177427473843,"paper"
"rps_0_3776.jpeg",477.4218895466113,0,788.353086015082,330.9866699650094,"stone"
"rps_0_3817.jpeg",627.5341893852408,212.7263619790229,859.9992193318644,540,"scissor"
"rps_0_3809.jpeg",521.2016034244663,33.65597809161399,901.0655829118049,348.49696749090725,"paper"
"rps_0_3801.jpeg",145.73753743327956,285.38199731402176,375.26930141354273,533.4385344164953,"paper"
"rps_0_3837.jpeg",454.4687335138406,18.97807144865973,801.332852648647,351.4325590099968,"paper"
"rps_0_3868.jpeg",633.4008376908515,165.75710148356407,837.9993900121028,393.2644979524107,"stone"
"rps_0_3897.jpeg",257.93677169966486,318.40727816200933,456.668646622083,540,"scissor"
"rps_0_384.jpeg",106.87114514802632,266.30072522921614,371.6025662161743,535.6401479876083,"paper"
"rps_0_3869.jpeg",15.938430983118174,150.34528240298215,203.67046397871152,360.97319505239966,"paper"
"rps_0_3854.jpeg",52.60483742707299,224.46869893967053,278.4699243964126,448.3067006357146,"paper"
"rps_0_3921.jpeg",551.2680523445258,256.7600891868133,820.3993869088257,495.2759902468839,"scissor"
"rps_0_3955.jpeg",69.47140039256455,217.86365441635726,257.93677169966486,427.0237567483747,"stone"
"rps_0_3943.jpeg",60.671457027370906,189.24174628914878,293.8698398321127,413.07971886948224,"stone"
"rps_0_396.jpeg",473.53526777401936,253.09060706687902,676.6671725654792,533.4385344164953,"scissor"
"rps_0_395.jpeg",173.60401505865195,269.9702073491504,387.0025398383193,540,"scissor"
"rps_0_3982.jpeg",60.11539496445074,48.26749435709773,260.0309641768293,266.0551358726514,"stone"
"rps_0_4048.jpeg",469.8686489495407,207.5890986573991,709.6669747315666,530.5029720131163,"scissor"
"rps_0_4058.jpeg",301.2031356675149,71.8185222612253,549.8014048147344,509.95386049520005,"paper"
"rps_0_4024.jpeg",493.481813826651,0,789.7464186243174,262.0005604235106,"paper"
"rps_0_4055.jpeg",380.4025677678128,123.92507519401848,595.267769170494,333.0851775260359,"scissor"
"rps_0_4070.jpeg",163.33742416366684,142.27244212012408,415.6023412285874,435.83050218993276,"scissor"
"rps_0_4062.jpeg",678.1338782817155,55.672827137653904,899.5989353820135,280.9786245932427,"stone"
"rps_0_4078.jpeg",201.47049268402432,74.02020862161481,651.7340481861346,421.1525737101956,"paper"
"rps_0_4125.jpeg",387.00253983831925,94.56926190810995,651.0007244212388,429.2254285509089,"scissor"
"rps_0_4131.jpeg",285.0698964669191,67.41514954044625,510.9350125294811,438.76606459331174,"scissor"
"rps_0_4153.jpeg",470.60197271443644,244.28386162532092,715.5335648507323,516.5588759028027,"scissor"
"rps_0_4142.jpeg",335.66952717694886,82.82693950531761,571.8012341344961,342.6258135684388,"paper"
"rps_0_4172.jpeg",2.7385304819389273,174.56381780941157,293.136516067217,475.4608275612336,"paper"
"rps_0_4136.jpeg",68.73807662766882,49.06776805648534,353.2694139073362,389.59510317960815,"stone"
"rps_0_4149.jpeg",579.8678537347939,123.92507519401848,912.7988795230262,444.6372476314909,"paper"
"rps_0_4173.jpeg",244.00353288697866,53.47114077726438,505.0683642238704,310.33442332129596,"stone"
"rps_0_4199.jpeg",38.671598614386795,12.373019646418811,263.80339091205315,218.597545017202,"stone"
"rps_0_4198.jpeg",259.4034192294563,284.648106713177,530.7348705545555,539.3097174546743,"stone"
"rps_0_4175.jpeg",637.8007802802259,221.53310742058096,862.1992488129965,512.1555905291555,"scissor"
"rps_0_4194.jpeg",691.3337642362835,207.5890986573991,960,517.2927665036474,"paper"
"rps_0_4214.jpeg",310.7364027976043,195.1129002116173,517.5349845999876,397.66795802032146,"stone"
"rps_0_423.jpeg",185.3372534834285,187.77390685603814,401.66907332267874,512.1555905291555,"paper"
"rps_0_4201.jpeg",593.0677978758068,79.89136254408335,814.5329131625497,294.1887427555799,"stone"
"rps_0_4204.jpeg",122.27103149050397,248.68723434609996,345.20279430703823,457.11344607727267,"stone"
"rps_0_4211.jpeg",607.0010075952706,163.55540056531927,836.5327424823113,424.0881361135746,"scissor"
"rps_0_424.jpeg",139.87091822089127,85.76253102440717,476.4685628336023,374.1832840990262,"scissor"
"rps_0_4244.jpeg",68.00475286277309,25.583123250900645,367.9360055781405,288.31755971740074,"stone"
"rps_0_4248.jpeg",348.86947131796177,239.14659830369715,395.8024832035129,289.78537003480085,"stone"
"rps_0_4241.jpeg",606.2676838303748,195.1129002116173,821.8661508115069,468.8557539222097,"scissor"
"rps_0_4243.jpeg",249.1368283344712,201.71794473493057,500.66842163449604,465.18630091798605,"stone"
"rps_0_4261.jpeg",642.9341048209409,115.11832975246038,960,456.3795554764279,"paper"
"rps_0_433.jpeg",319.53634616279794,104.84380310921281,513.8682494026192,330.1495860069464,"scissor"
"rps_0_4287.jpeg",486.7351537285874,205.38742685486486,732.400127816224,540,"paper"
"rps_0_4330.jpeg",157.4707758580561,189.24174628914878,387.73586360321497,441.7016269966907,"stone"
"rps_0_4305.jpeg",271.87001051235103,92.36757554772043,545.40146222536,411.61193766779274,"stone"
"rps_0_4348.jpeg",321.00299369258937,116.58612551200517,527.068251730077,393.2644979524107,"scissor"
"rps_0_4343.jpeg",123.00432616217726,206.1213174557096,348.86947131796177,417.4831207059718,"stone"
"rps_0_4356.jpeg",208.07043566130835,112.91664339207087,365.0027105185576,356.5698223316206,"scissor"
"rps_0_4342.jpeg",598.201064230077,65.21346318005673,902.5323468144861,353.6342308125311,"paper"
"rps_0_4365.jpeg",0.5385446406405164,82.82693950531761,296.8031348916956,497.4776620494182,"paper"
"rps_0_4379.jpeg",407.5357216282895,107.77938007044708,728.0001852268496,471.7913163255887,"paper"
"rps_0_4383.jpeg",264.53671467694886,206.85517894084379,447.13537949199355,389.59510317960815,"stone"
"rps_0_4385.jpeg",620.9342173147344,33.65597809161399,910.5988500418943,250.15501554778945,"stone"
"rps_0_4380.jpeg",57.738132874565544,249.42109583123414,499.9350978696003,540,"paper"
"rps_0_4381.jpeg",74.6046958400571,214.9280628972677,373.80259569730634,525.365679575782,"paper"
"rps_0_4406.jpeg",725.8002139321624,194.37900961077256,960,413.07971886948224,"stone"
"rps_0_4465.jpeg",119.33770733769862,63.01177681966721,345.93617625837885,371.2477216956472,"scissor"
"rps_0_4453.jpeg",681.0671733412984,109.24716127213657,960,444.6372476314909,"paper"
"rps_0_441.jpeg",733.1334515811196,16.042479929570174,942.8653284430859,258.96173187363695,"stone"
"rps_0_4441.jpeg",629.734160679928,145.9419096822031,897.3990222737712,448.3067006357146,"stone"
"rps_0_45.jpeg",618.0009222551514,238.4127077028524,857.0659242722816,518.0267153359134,"scissor"
"rps_0_4488.jpeg",258.6700954645606,368.3121301765577,440.5355237943769,540,"scissor"
"rps_0_452.jpeg",172.8706912937562,1.364587844471207,395.0691594386172,220.79918770402566,"scissor"
"rps_0_449.jpeg",476.4685628336023,302.9954590814274,765.3999299823113,540,"paper"
"rps_0_4527.jpeg",161.13739468253476,82.09304890447287,422.2023132990939,379.3205765363606,"scissor"
"rps_0_4574.jpeg",106.13782138313059,125.39285639570795,486.00182996369165,486.4692448053259,"paper"
"rps_0_4615.jpeg",0,203.9196456531754,147.93750872796673,486.4692448053259,"scissor"
"rps_0_4589.jpeg",36.4716273196996,82.82693950531761,277.73660063151686,385.9255628282527,"scissor"
"rps_0_4561.jpeg",411.9356642176639,0,818.1995901734732,307.3988318022064,"paper"
"rps_0_4553.jpeg",440.53552379437684,91.63368494687569,775.6664626908515,426.28986614752995,"paper"
"rps_0_4634.jpeg",13.738445141819762,199.51627293239633,230.80361783918818,512.1555905291553,"scissor"
"rps_0_4687.jpeg",627.5341893852408,125.39285639570795,923.0655286044563,477.6624993637678,"stone"
"rps_0_465.jpeg",359.8693859778426,184.1044538518144,676.6671725654792,508.4860792935105,"paper"
"rps_0_4696.jpeg",494.0684495639896,79.1574719432386,871.7325159430859,471.05742572474395,"paper"
"rps_0_4684.jpeg",376.00262517843845,146.67582939875842,711.8669460262538,516.5588759028027,"paper"
"rps_0_47.jpeg",283.6032489371276,311.0683139221407,469.135325184645,540,"scissor"
"rps_0_4700.jpeg",165.537395458354,141.53855151927934,374.53597764864696,393.2644979524107,"stone"
"rps_0_4705.jpeg",560.8013194746152,134.19960183726604,805.7329116109111,390.32899378045283,"stone"
"rps_0_4711.jpeg",26.93836018961023,115.11832975246038,321.73631745748514,417.4831207059719,"stone"
"rps_0_4697.jpeg",502.86839292918324,104.84380310921281,842.3993326014772,448.3067006357146,"paper"
"rps_0_4768.jpeg",141.33756575068273,348.49696749090725,322.46964122238086,540,"scissor"
"rps_0_4746.jpeg",175.80398635333913,49.80165865733009,400.2023676064424,336.75465964597026,"paper"
"rps_0_4760.jpeg",688.4004691767007,168.69263477123246,960,447.57281003486986,"stone"
"rps_0_4757.jpeg",48.93821860259434,0,466.93529570351296,359.5053847349996,"paper"
"rps_0_4763.jpeg",321.7363174574851,138.60297455804508,549.0680810498386,393.2644979524107,"scissor"
"rps_0_4779.jpeg",527.068251730077,187.04004537090395,863.6658963427881,540,"paper"
"rps_0_4786.jpeg",15.938430983118174,0,439.8021418430362,320.6089499645435,"paper"
"rps_0_4819.jpeg",54.07151405008689,102.6421167488233,340.8028517176638,439.4999551941565,"paper"
"rps_0_4820.jpeg",56.271485344774085,159.88591844538496,205.13711150850298,371.2477216956472,"stone"
"rps_0_4821.jpeg",446.40211391354273,38.05935081239303,681.0671733412985,323.54454148363305,"scissor"
"rps_0_4822.jpeg",0,142.27244212012408,266.00336220674035,451.24226303909353,"paper"
"rps_0_4824.jpeg",256.4700950766509,336.7546596459702,497.00174462357245,540,"stone"
"rps_0_4867.jpeg",0,112.91664339207087,308.5364315029171,424.08813611357454,"paper"
"rps_0_489.jpeg",79.73799128754965,172.36214600687734,345.2027943070382,525.3656795757819,"paper"
"rps_0_4841.jpeg",622.4009230309707,104.84380310921281,896.6655239495408,330.1495860069464,"scissor"
"rps_0_4899.jpeg",282.1366014073362,45.398300494406335,563.0012907693024,367.5782395757129,"paper"
"rps_0_4902.jpeg",86.33793426483366,76.95578558284907,306.33640202178503,338.22244084765975,"stone"
"rps_0_4966.jpeg",121.53770772560824,221.53310742058096,480.1352398445258,540,"paper"
"rps_0_4998.jpeg",382.16259135271855,38.206123109419856,777.4264862757573,439.64675660689386,"paper"
"rps_0_4947.jpeg",85.60461049993793,245.01775222616567,271.13665765423286,507.75213046124463,"scissor"
"rps_0_5001.jpeg",362.80268103742554,187.04004537090395,491.8684782693024,410.87804706694806,"scissor"
"rps_0_5006.jpeg",18.138416824416584,94.56926190810995,222.00367447399455,313.27001484038556,"scissor"
"rps_0_5028.jpeg",542.4681089793322,123.19117003531844,786.6663773507324,439.49995519415654,"paper"
"rps_0_503.jpeg",138.40424159787736,45.398300494406335,337.8695566580809,250.88893526434478,"scissor"
"rps_0_5030.jpeg",4.938516323237339,212.7263619790229,266.73668597163606,458.58122727896216,"stone"
"rps_0_5031.jpeg",152.33748041056356,186.3061547700592,432.46890419407896,413.07971886948224,"stone"
"rps_0_5036.jpeg",352.53603195599555,93.10148070642047,603.334388770792,351.43255900999685,"paper"
"rps_0_5037.jpeg",736.0668048271475,197.31454289844095,909.8655844634434,438.03217399246705,"scissor"
"rps_0_5089.jpeg",549.0680810498386,294.9226333564246,751.4666620764026,524.6317889749372,"paper"
"rps_0_5075.jpeg",398.0024544982001,42.46270897531678,688.4004691767007,370.51383109480247,"scissor"
"rps_0_5106.jpeg",638.5341040451217,89.43199858648617,929.6653843020731,333.81906812688067,"paper"
"rps_0_5108.jpeg",87.80461088784757,322.076731166233,299.0031643728277,536.3740968198742,"stone"
"rps_0_512.jpeg",644.4007523507325,53.76469992917333,870.2658684132946,295.950068551323,"scissor"
"rps_0_5127.jpeg",529.2682230247642,136.40125908194497,791.0664363129965,384.4577816265632,"scissor"
"rps_0_5097.jpeg",121.53770772560824,242.0821898227867,464.7353244088257,531.9707532148058,"paper"
"rps_0_5128.jpeg",212.47040734390518,53.47114077726438,599.6677117598684,413.813609470327,"paper"
"rps_0_5191.jpeg",49.67154236749007,100.44043038843377,434.66887548876616,413.813609470327,"paper"
"rps_0_5140.jpeg",712.6002697911495,141.53855151927934,936.2653563725794,340.42411265019393,"stone"
"rps_0_5164.jpeg",218.33702655629344,154.01476452291644,417.80231252327457,331.61736720863587,"stone"
"rps_0_513.jpeg",251.3367996291584,195.84679081246205,466.20191375217235,454.9117742747385,"scissor"
"rps_0_5207.jpeg",253.53680001706803,291.9870418373351,479.4019160796301,529.7690814122716,"scissor"
"rps_0_5252.jpeg",576.9345586752111,79.89136254408335,797.666408383503,323.5445414836331,"scissor"
"rps_0_5208.jpeg",581.3345012645854,307.3988318022064,817.4662082221325,540,"stone"
"rps_0_5259.jpeg",193.4038730837264,0,447.13537949199355,130.53011971733173,"stone"
"rps_0_5247.jpeg",504.3349822725298,85.76253102440717,780.7997872315666,325.0123226853226,"scissor"
"rps_0_5282.jpeg",47.47154197958044,314.737796042075,232.27026536897966,505.5505168901315,"stone"
"rps_0_5324.jpeg",279.20330634775326,173.09603660772208,491.8684782693024,476.1947181620783,"scissor"
"rps_0_5295.jpeg",49.67154236749007,253.09060706687902,246.20350418166586,520.9623359707135,"scissor"
"rps_0_5263.jpeg",23.271712271909138,178.9671905301906,291.6698685374255,407.2085940627243,"stone"
"rps_0_5305.jpeg",442.73549508906405,31.454291731224465,837.266124433652,355.8359317307759,"paper"
"rps_0_5361.jpeg",0,129.796229116487,69.47140039256455,289.78537003480085,"stone"
"rps_0_5382.jpeg",530.0015467896599,269.9702073491504,729.466832756641,507.75213046124463,"scissor"
"rps_0_5416.jpeg",670.8005824463133,271.4379885508399,928.9321187236221,515.0911529325344,"stone"
"rps_0_5325.jpeg",448.6020852082299,52.0033450177196,727.2668614619538,293.4548230390246,"paper"
"rps_0_5414.jpeg",144.41754883782275,305.8874716607084,323.34965301483373,540,"scissor"
"rps_0_5438.jpeg",692.0670880011793,233.2754443812286,937.7320039023709,479.13022233403615,"scissor"
"rps_0_547.jpeg",554.9347293554493,227.40429045876007,766.8665775121028,539.3097174546743,"scissor"
"rps_0_5441.jpeg",506.5350117536619,237.67881710200766,763.9332824525198,470.3235351238992,"paper"
"rps_0_5459.jpeg",37.204951084595336,139.33686515888982,311.4697265625,476.1947181620783,"paper"
"rps_0_5468.jpeg",87.07128712295184,185.57226416921446,292.40319230232126,452.710044240783,"scissor"
"rps_0_5499.jpeg",185.3372534834285,0,570.3345866047046,300.79378727889315,"paper"
"rps_0_5503.jpeg",483.06853490410873,49.06776805648534,733.8667753460154,391.06288438129764,"scissor"
"rps_0_5538.jpeg",361.33603350763406,76.22189498200433,623.8675705607621,341.89192296759404,"stone"
"rps_0_5494.jpeg",524.1348984840491,252.35671646603427,760.999929206492,528.301241979161,"scissor"
"rps_0_5539.jpeg",706.0002977206431,185.57226416921446,960,478.3963899646125,"stone"
"rps_0_5625.jpeg",4.938516323237339,148.87750120129266,228.60361745127855,475.4608275612336,"paper"
"rps_0_5560.jpeg",666.400581670494,245.01775222616567,926.73208924249,478.3963899646126,"stone"
"rps_0_5577.jpeg",240.33688496927755,91.63368494687569,478.6685923147344,308.86664211960647,"stone"
"rps_0_5591.jpeg",628.2675131501366,214.9280628972677,868.0657225592727,449.0405912365593,"stone"
"rps_0_5658.jpeg",530.6615556339996,288.83130643056046,579.0612150493422,332.13111392179553,"stone"
"rps_0_566.jpeg",587.9344733350919,86.49642162525191,847.5326571421922,352.1664496108416,"paper"
"rps_0_5671.jpeg",477.20188659849805,0,895.198992792639,314.00390544123024,"paper"
"rps_0_5673.jpeg",491.13515450440667,60.07619985843294,706.0002977206431,275.1074706707742,"stone"
"rps_0_5665.jpeg",568.8679390749131,20.44585992927686,778.5998741233243,238.41270770285237,"stone"
"rps_0_5664.jpeg",105.40449761823486,36.59155505284825,343.0027648259062,246.48556254356572,"stone"
"rps_0_5675.jpeg",332.00290835247023,225.20258954051528,619.467569784943,484.26757300279166,"stone"
"rps_0_5729.jpeg",500.52167542049403,139.9239834627077,739.586735624069,388.7144111660259,"stone"
"rps_0_5722.jpeg",209.5370831910998,262.63124310928185,413.4023699339002,487.20313540617065,"stone"
"rps_0_5732.jpeg",105.40449761823486,0,391.40248242769366,205.38742685486486,"stone"
"rps_0_5723.jpeg",0,101.90821159012326,351.8027663775447,452.710044240783,"paper"
"rps_0_5737.jpeg",119.33770733769862,131.2639957603212,408.26904539318525,528.3012419791609,"paper"
"rps_0_5802.jpeg",406.87571278394995,231.9544354765659,609.274351996959,485.1482067849526,"stone"
"rps_0_5741.jpeg",428.0688452318148,97.5048534271995,706.7336796719836,288.31755971740074,"stone"
"rps_0_5784.jpeg",500.66842163449604,21.17974325119396,802.7996165513282,333.81906812688067,"paper"
"rps_0_5797.jpeg",225.67032239169563,267.0346158300609,456.6686466220829,540,"paper"
"rps_0_5833.jpeg",645.8673998805239,121.72335971791837,928.9321187236221,369.0460207774024,"scissor"
"rps_0_5860.jpeg",258.59675145078205,240.1006619079374,514.5283164334037,488.15719901041086,"scissor"
"rps_0_5873.jpeg",241.0702087341733,68.1490255834357,495.535097093781,399.8696298228557,"scissor"
"rps_0_5807.jpeg",129.60432732590616,208.32301837395443,500.668421634496,540,"paper"
"rps_0_582.jpeg",193.4038730837264,312.5360951238302,392.13580619258937,540,"scissor"
"rps_0_5909.jpeg",156.00409923504222,29.252605370834942,501.40174539939176,382.2561389397395,"stone"
"rps_0_5924.jpeg",70.20472415746028,167.9587732860983,375.26930141354273,523.1640077732477,"paper"
"rps_0_5896.jpeg",236.67023705157646,148.87750120129266,545.40146222536,523.8978983740924,"scissor"
"rps_0_5929.jpeg",521.2016034244663,46.86606713824053,794.7329969510304,349.96474869259674,"scissor"
"rps_0_5932.jpeg",499.9350978696003,0,714.8002410858367,197.31454289844095,"paper"
"rps_0_5953.jpeg",650.267400656343,271.4379885508399,856.3326586938306,512.1555905291555,"scissor"
"rps_0_5937.jpeg",422.2023132990939,86.49642162525191,669.3339349165219,300.0598966780484,"stone"
"rps_0_5939.jpeg",631.9341901610601,18.24417356888734,846.7993915637413,238.41270770285237,"stone"
"rps_0_5957.jpeg",61.40475169904419,282.4464057949322,268.20336259464995,476.9286087629231,"stone"
"rps_0_5940.jpeg",18.138416824416584,52.737250176419636,390.66910047635304,464.4524103171413,"paper"
"rps_0_5978.jpeg",51.87148456895482,70.35072650168051,336.4029091282895,316.9394678446092,"stone"
"rps_0_596.jpeg",244.73685665187438,126.12673243869742,585.7345020404047,332.3512869251912,"scissor"
"rps_0_5997.jpeg",465.4686481737215,4.300157526777827,675.9338488005834,253.82449766772376,"stone"
"rps_0_5982.jpeg",793.2663494212388,144.4741284805136,960,424.0881361135746,"scissor"
"rps_0_5991.jpeg",538.0681663899578,93.8353713072652,798.3996739619538,358.77149413415486,"paper"
"rps_0_6016.jpeg",194.87052061351787,74.02020862161481,431.7355804291832,347.7630768900625,"paper"
"rps_0_6022.jpeg",179.4706342710402,108.51327067129182,499.9350978696003,415.28144890343765,"stone"
"rps_0_6000.jpeg",571.801234134496,96.03705766765474,799.1330559132944,380.0544671372053,"scissor"
"rps_0_600.jpeg",88.5379346527433,102.6421167488233,398.0024544982001,538.5758268538297,"paper"
"rps_0_6028.jpeg",651.7340481861346,6.501843887167348,960,360.97319505239966,"paper"
"rps_0_6076.jpeg",0,235.47711618376283,165.537395458354,534.1724250173401,"stone"
"rps_0_6063.jpeg",155.27080456336893,0.6306972436264632,443.4688188539598,219.33143561804673,"stone"
"rps_0_6116.jpeg",125.93767940820507,49.80165865733009,411.9356642176639,333.0851775260359,"stone"
"rps_0_6089.jpeg",494.8017151424404,57.87451349804343,806.4662935622517,400.60352042370045,"scissor"
"rps_0_6094.jpeg",65.80475247486346,12.373019646418811,469.8686489495407,393.9984467846766,"paper"
"rps_0_6120.jpeg",455.9353810436321,0,690.6004404713879,168.69263477123246,"stone"
"rps_0_6130.jpeg",314.402963435638,0,651.0007244212388,316.9394678446092,"scissor"
"rps_0_6133.jpeg",482.335211139213,247.21945314441047,703.0670026610601,465.186300917986,"stone"
"rps_0_6137.jpeg",161.87074754065293,105.57769371005756,429.53555094805114,399.8696298228557,"scissor"
"rps_0_6146.jpeg",645.1340761156281,97.5048534271995,853.3992472613579,302.9954590814274,"stone"
"rps_0_6167.jpeg",620.9342173147344,106.3115843109023,788.8664068318644,323.5445414836331,"paper"
"rps_0_6194.jpeg",682.5338208710899,203.18572593662006,904.7322599227284,540,"paper"
"rps_0_6148.jpeg",440.53552379437684,83.56084466401764,825.5328278224305,463.7185197162965,"paper"
"rps_0_6173.jpeg",156.73745209316039,366.11040014260226,384.06924477873633,540,"stone"
"rps_0_6183.jpeg",498.46845033980884,56.40670318064336,717.0002705669688,335.28684932857016,"stone"
"rps_0_6203.jpeg",669.3339349165219,0,945.7986235026689,240.61437950538664,"scissor"
"rps_0_6212.jpeg",362.80268103742554,118.78779731453939,599.6677117598684,371.2477216956472,"paper"
"rps_0_6207.jpeg",560.0679957097195,0,948.7319185622518,308.86664211960647,"paper"
"rps_0_621.jpeg",62.138104557162364,247.21945314441047,276.26995310172543,480.59806176714676,"scissor"
"rps_0_6213.jpeg",570.3345866047046,112.91664339207087,876.8658404838009,429.22542855090893,"paper"
"rps_0_6218.jpeg",110.53779306572741,170.1604742043431,423.66896082888536,458.58122727896216,"paper"
"rps_0_6238.jpeg",544.6680802740194,153.2808739220717,803.5329985026689,395.4662279863661,"stone"
"rps_0_6248.jpeg",102.4711734654295,22.64754628966638,359.8693859778426,266.30072522921614,"stone"
"rps_0_6217.jpeg",621.667599266075,261.8973525084371,836.5327424823113,482.0659012002575,"stone"
"rps_0_6245.jpeg",136.20427030319019,0,553.468023639213,204.65353625402014,"paper"
"rps_0_625.jpeg",174.33733882354767,66.6812589396015,425.8689321235725,407.2085940627243,"scissor"
"rps_0_6270.jpeg",238.8702374394861,2.8323763250883394,455.9353810436321,249.42109583123414,"stone"
"rps_0_6267.jpeg",708.200327201775,81.35915830362812,917.1988221124006,344.82748537097297,"stone"
"rps_0_6291.jpeg",645.1340761156281,70.35072650168051,901.0655829118049,388.8612125787634,"paper"
"rps_0_6300.jpeg",450.06879092446627,63.01177681966721,826.9994753522219,415.28144890343765,"paper"
"rps_0_6325.jpeg",169.20404337605513,89.43199858648617,376.00262517843845,316.20557724376454,"stone"
"rps_0_6336.jpeg",92.93790633534012,138.60297455804508,334.2028796471574,411.61193766779274,"stone"
"rps_0_6348.jpeg",436.1355230185576,92.36757554772043,690.6004404713879,347.0291862892178,"stone"
"rps_0_6323.jpeg",49.67154236749007,112.18275279122612,229.33697030939672,391.06288438129764,"scissor"
"rps_0_6343.jpeg",582.0678250294811,95.30316706680999,842.3993326014772,435.83050218993276,"paper"
"rps_0_6357.jpeg",596.7344167002855,46.86606713824053,864.3992782941286,344.0935947701282,"paper"
"rps_0_6393.jpeg",530.7348705545556,0.6306972436264632,854.8660111640393,310.33442332129596,"scissor"
"rps_0_6392.jpeg",337.1362328931852,316.9394678446092,554.2013474041087,531.2368626139611,"scissor"
"rps_0_6372.jpeg",700.8670313663729,130.53011971733173,941.3986809132945,406.4747034618795,"paper"
"rps_0_6379.jpeg",458.13535233831925,31.454291731224465,774.9331971124006,418.9509019076614,"paper"
"rps_0_6430.jpeg",172.13736752886047,155.48254572460593,395.06915943861713,430.6932097525984,"scissor"
"rps_0_6410.jpeg",52.60483742707299,109.24716127213657,422.2023132990939,452.710044240783,"paper"
"rps_0_6434.jpeg",205.87046436662115,10.905223886874033,430.26887471294685,391.0628843812976,"paper"
"rps_0_6456.jpeg",79.73799128754965,163.55540056531927,319.53634616279794,391.7967749821424,"stone"
"rps_0_6451.jpeg",594.5344454055984,69.61683590083577,796.9330264321625,296.3904145581141,"stone"
"rps_0_6480.jpeg",134.00429900850298,21.91365568882164,381.13583334626367,280.9786245932427,"stone"
"rps_0_6527.jpeg",189.00390140112958,84.29473526486238,403.86910280381085,362.44097625408915,"scissor"
"rps_0_6537.jpeg",542.4681089793322,142.27244212012408,818.9328557519241,393.2644979524107,"stone"
"rps_0_6508.jpeg",309.2697552678128,118.05390671369464,546.8681097551514,375.65103618500507,"stone"
"rps_0_6481.jpeg",547.6014335200472,272.90574063681885,874.6658110026688,537.8418780215638,"paper"
"rps_0_6555.jpeg",154.53748079847318,53.47114077726438,438.3354943132448,332.3512869251912,"scissor"
"rps_0_6541.jpeg",23.271712271909138,87.96421738479668,368.6693293430362,408.67637526441376,"paper"
"rps_0_6563.jpeg",581.3345012645854,49.80165865733009,828.4661228820133,351.43255900999685,"paper"
"rps_0_6561.jpeg",93.67123010023585,234.00933498207334,331.2695845875745,463.7185197162965,"stone"
"rps_0_6571.jpeg",27.67168395450596,69.61683590083577,341.5361754825596,393.9984467846766,"paper"
"rps_0_6628.jpeg",580.6011774996897,246.48556254356572,791.0664363129965,461.51678968234114,"stone"
"rps_0_6606.jpeg",159.67077624596575,90.89979434603094,464.00200064393005,462.2506802831859,"scissor"
"rps_0_6617.jpeg",54.07151405008689,186.3061547700592,293.8698398321127,434.36272098824327,"stone"
"rps_0_6630.jpeg",576.2012349103153,3.566274204860728,852.6659816829072,291.25315123649034,"stone"
"rps_0_6620.jpeg",699.4003838365815,223.00091773798104,941.3986809132945,472.5252651578546,"stone"
"rps_0_6679.jpeg",0,60.81009045927769,310.00307903270857,455.6456648755832,"paper"
"rps_0_6634.jpeg",571.801234134496,86.49642162525191,821.8661508115069,344.82748537097297,"paper"
"rps_0_6645.jpeg",607.7343313601664,280.9786245932427,836.5327424823114,540,"stone"
"rps_0_6685.jpeg",66.53807623975919,150.34528240298215,333.4694976958168,422.6203549118851,"scissor"
"rps_0_6666.jpeg",83.40463920525075,12.373019646418811,373.8025956973064,304.46326939882744,"scissor"
"rps_0_6695.jpeg",477.20188659849805,145.9419096822031,645.1340761156282,372.7155028973367,"scissor"
"rps_0_6698.jpeg",603.334388770792,393.2644979524107,832.132799892937,540,"scissor"
"rps_0_6686.jpeg",564.4679964855387,358.77149413415486,856.3326586938307,540,"stone"
"rps_0_6705.jpeg",482.335211139213,6.501843887167348,804.2662640811197,399.8696298228557,"scissor"
"rps_0_6744.jpeg",169.20404337605513,222.2670271371363,395.0691594386172,424.0881361135746,"scissor"
"rps_0_6754.jpeg",98.8045255477284,171.6282554060326,304.13643072709783,386.65951166051855,"stone"
"rps_0_6755.jpeg",653.200695715926,0,892.2656977330562,138.60297455804508,"paper"
"rps_0_6768.jpeg",168.47071961115938,83.56084466401764,475.73518088226166,425.5559755466852,"paper"
"rps_0_676.jpeg",152.33748041056356,61.543981060122434,441.2688475592726,319.141168762854,"stone"
"rps_0_6806.jpeg",57.004809109669814,109.24716127213657,287.26986776160624,341.89192296759404,"stone"
"rps_0_6821.jpeg",96.73360591981469,12.134543737855143,309.51502879072984,217.0529202135795,"stone"
"rps_0_6809.jpeg",574.0012636156281,181.16889144843543,809.3995886218347,449.04059123655935,"paper"
"rps_0_6819.jpeg",191.93722555393495,174.56381780941157,475.7351808822617,466.65408211967554,"paper"
"rps_0_6846.jpeg",236.67023705157646,0,486.7351537285874,272.90574063681885,"scissor"
"rps_0_6854.jpeg",106.87114514802632,67.41514954044625,344.4694705421425,477.6624993637678,"scissor"
"rps_0_6871.jpeg",103.20449723032523,115.85222035330513,441.2688475592726,449.04059123655935,"stone"
"rps_0_6898.jpeg",211.73708357900944,135.66736848110023,444.20214261885553,348.49696749090725,"stone"
"rps_0_6879.jpeg",480.8685636094216,96.03705766765474,758.7999579118049,420.4186831093508,"stone"
"rps_0_6872.jpeg",666.400581670494,200.25016353324108,890.0656682519241,498.21149441884177,"paper"
"rps_0_6873.jpeg",187.53725387133812,195.84679081246205,524.8682222489449,531.9707532148058,"paper"
"rps_0_6959.jpeg",518.2683083648833,278.77692367499793,742.666718711209,515.8250435333791,"stone"
"rps_0_6948.jpeg",490.40183073951096,0,706.0002977206431,157.68424664285072,"stone"
"rps_0_6962.jpeg",308.5364315029171,22.64754628966638,619.467569784943,289.7853700348008,"scissor"
"rps_0_6901.jpeg",532.2014598979022,18.97807144865973,772.7330512583789,252.35671646603427,"scissor"
"rps_0_6968.jpeg",566.6679677802259,161.35372876278504,803.5329985026688,341.89192296759404,"stone"
"rps_0_6980.jpeg",186.8039301064424,170.89436480518785,433.9355517238704,452.7100442407831,"stone"
"rps_0_6974.jpeg",591.6010921595705,261.8973525084371,812.3328836814176,468.121863321365,"stone"
"rps_0_6989.jpeg",469.8686489495407,2.8323763250883394,714.0669173209409,304.46326939882744,"scissor"
"rps_0_7004.jpeg",499.05508607714745,133.24553823302577,881.1191532320631,473.0389827553038,"paper"
"rps_0_6983.jpeg",523.4015165327086,72.55241286207004,780.7997872315666,342.62581356843873,"scissor"
"rps_0_704.jpeg",453.0020859840492,256.0261985859686,663.4672866109112,518.7606059367581,"stone"
"rps_0_7006.jpeg",584.2678545106132,131.2639957603212,783.7330822911495,320.6089499645435,"stone"
"rps_0_7016.jpeg",155.27080456336893,20.44585992927686,530.0015467896599,369.7799404939578,"paper"
"rps_0_7028.jpeg",630.4674844448238,82.09304890447287,833.5994474227284,287.583669116556,"stone"
"rps_0_7013.jpeg",635.6008089855387,314.00390544123024,960,540,"paper"
"rps_0_7064.jpeg",578.4012062050025,373.44939349818145,788.8664068318644,540,"scissor"
"rps_0_7053.jpeg",569.6012628398089,110.71495703168135,851.1993341531157,333.81906812688067,"stone"
"rps_0_7076.jpeg",452.2687622191534,300.0598966780484,699.4003838365815,540,"scissor"
"rps_0_7066.jpeg",264.53671467694886,70.35072650168051,435.4021992536619,327.2140236035674,"scissor"
"rps_0_7055.jpeg",361.6293513763034,297.7114234627767,549.3613407320631,525.9528269953104,"scissor"
"rps_0_7126.jpeg",186.07057724832424,76.95578558284907,397.2691307333044,294.1887427555798,"stone"
"rps_0_7125.jpeg",522.6681927678128,15.308596607653076,865.8659258239201,374.9171455841604,"paper"
"rps_0_7133.jpeg",543.9347565091236,230.33982374642846,868.0657225592727,535.6401479876083,"stone"
"rps_0_713.jpeg",516.8016608350919,0,887.8657551436818,311.80220452298545,"paper"
"rps_0_7138.jpeg",206.6037881315169,0.6306972436264632,414.13569369879593,234.00933498207334,"stone"
"rps_0_7155.jpeg",304.13643072709783,138.60297455804508,444.93546638375125,364.64264805662333,"scissor"
"rps_0_7143.jpeg",635.6008089855387,0,948.7319185622517,284.648106713177,"paper"
"rps_0_7167.jpeg",596.6611017797295,257.45040084784955,862.8591994708914,540,"paper"
"rps_0_7159.jpeg",560.0679957097195,195.1129002116173,714.066917320941,443.90335703064613,"scissor"
"rps_0_7204.jpeg",670.0672586814176,87.23029766824136,901.7989648631454,396.200176818632,"scissor"
"rps_0_7208.jpeg",125.20435564330934,161.35372876278504,392.8691299574851,444.6372476314908,"paper"
"rps_0_7238.jpeg",0,0,330.80436941410136,345.3710247349823,"paper"
"rps_0_7240.jpeg",43.80492315510179,21.91365568882164,242.53685626396475,305.9310506005169,"paper"
"rps_0_7247.jpeg",285.0698964669191,254.55838826856848,510.9350125294811,496.74377144857345,"stone"
"rps_0_7206.jpeg",581.3345012645854,173.82992720856683,840.1994194932348,422.6203549118851,"stone"
"rps_0_7248.jpeg",574.7345873805239,207.5890986573991,825.5328278224306,440.9676781644248,"stone"
"rps_0_7348.jpeg",210.27043604921798,162.82150996447453,418.53557810172543,463.71851971629656,"scissor"
"rps_0_7351.jpeg",664.9339341407026,198.04846261499628,899.5989353820135,427.0237567483747,"stone"
"rps_0_7335.jpeg",196.33719723653178,143.74023787966885,436.1355230185576,397.66795802032146,"scissor"
"rps_0_7341.jpeg",444.93546638375125,204.65353625402014,788.1331412534137,521.6962265715582,"paper"
"rps_0_7414.jpeg",203.67046397871152,27.050919010445423,414.86901746369165,239.8804597888313,"stone"
"rps_0_738.jpeg",2.005192170431976,0,417.8023125232746,320.6089499645435,"paper"
"rps_0_7388.jpeg",315.8696691518744,30.720386572524433,600.4010355247642,333.0851775260359,"stone"
"rps_0_7386.jpeg",271.13665765423286,179.70111024674594,632.6675139259557,536.3740968198742,"paper"
"rps_0_7385.jpeg",185.3372534834285,10.905223886874033,490.40183073951096,321.34284056538826,"paper"
"rps_0_7485.jpeg",16.671769294625125,284.648106713177,198.53716853121898,512.8894811300001,"scissor"
"rps_0_7471.jpeg",494.8017151424404,79.89136254408335,810.1329705731753,413.07971886948224,"stone"
"rps_0_7420.jpeg",524.1348984840491,125.39285639570795,839.4659211690044,491.60653724266024,"paper"
"rps_0_7512.jpeg",585.0011782755089,91.63368494687569,847.5326571421922,448.3067006357146,"paper"
"rps_0_7518.jpeg",403.1357790389151,52.737250176419636,707.4670034368794,411.6119376677928,"paper"
"rps_0_7561.jpeg",494.8017151424404,130.53011971733173,780.7997872315666,406.4747034618795,"scissor"
"rps_0_7547.jpeg",167.00404298814547,68.88294529999102,404.6024265687065,354.36812141337583,"paper"
"rps_0_7543.jpeg",377.4692727082299,16.776385088270207,610.6676264197492,353.6342308125311,"scissor"
"rps_0_7542.jpeg",70.20472415746028,291.25315123649034,259.4034192294563,537.107987420719,"scissor"
"rps_0_7552.jpeg",99.5378202194017,86.49642162525191,363.53600480232126,517.2927665036475,"paper"
"rps_0_7590.jpeg",562.2679670044066,250.15501554778945,843.8659801312685,504.8166262892868,"scissor"
"rps_0_7565.jpeg",286.5365439967105,232.54155378038385,518.2683083648833,443.1694081983802,"stone"
"rps_0_7577.jpeg",232.27026536897966,209.49722586587964,488.20185944482375,473.69944353406913,"stone"
"rps_0_7568.jpeg",81.20463881734112,96.03705766765474,315.1363453869787,385.9255628282527,"paper"
"rps_0_7594.jpeg",147.93750872796673,269.9702073491504,367.2026818132448,523.1640077732477,"stone"
"rps_0_7609.jpeg",335.66952717694886,275.1074706707742,555.6680531203451,540,"scissor"
"rps_0_7630.jpeg",649.5339605185576,280.9786245932427,851.1993341531157,527.5673513783162,"scissor"
"rps_0_7633.jpeg",449.33540897312565,75.4879898233043,704.5336501908516,418.21701130681663,"scissor"
"rps_0_7615.jpeg",544.6680802740194,122.45727943447369,809.3995886218347,410.14415646610325,"scissor"
"rps_0_7620.jpeg",106.13782138313059,248.68723434609996,342.2694992474553,492.340427843505,"scissor"
"rps_0_7655.jpeg",229.33697030939672,272.90574063681885,462.5353531141385,493.07431844434973,"stone"
"rps_0_7644.jpeg",607.7343313601664,148.14361060044791,860.7326012832051,493.8082090451945,"paper"
"rps_0_7681.jpeg",79.73799128754965,176.7655187276564,314.40296343563807,523.1640077732477,"scissor"
"rps_0_7690.jpeg",436.8688467834533,43.19661413401681,706.7336796719836,314.00390544123024,"paper"
"rps_0_7684.jpeg",431.73558042918324,220.79918770402566,788.8664068318644,540,"paper"
"rps_0_7769.jpeg",104.67114476011669,40.99492777362729,401.6690733226788,298.5921154763589,"stone"
"rps_0_7703.jpeg",111.27111683062314,2.098471166388306,445.668790148647,370.51383109480247,"paper"
"rps_0_7761.jpeg",246.93682794656158,18.24417356888734,496.2684208586768,344.0935947701282,"stone"
"rps_0_7780.jpeg",111.27111683062314,231.0737434629838,359.13606221294685,500.4132244527972,"scissor"
"rps_0_7772.jpeg",169.93736714095084,269.9702073491504,349.6027950828575,477.6624993637678,"stone"
"rps_0_7793.jpeg",499.9350978696003,9.4374354062569,787.3997593020731,323.5445414836331,"scissor"
"rps_0_7784.jpeg",541.0014614495407,129.06233851564227,750.7333383115069,373.4493934981815,"stone"
"rps_0_7805.jpeg",190.47054893092107,1.364587844471207,438.3354943132448,252.35671646603424,"paper"
"rps_0_7811.jpeg",344.4694705421425,32.18818233206921,703.8003264259557,329.41569540610163,"scissor"
"rps_0_7812.jpeg",632.6675139259559,138.60297455804508,816.7329426436818,472.5252651578546,"scissor"
"rps_0_7838.jpeg",248.4035045695755,165.75710148356407,508.735041234794,388.8612125787634,"stone"
"rps_0_7830.jpeg",223.470322003786,369.0460207774024,511.6683362943769,540,"scissor"
"rps_0_7835.jpeg",508.7350412347939,76.22189498200433,749.2666907817155,332.3512869251912,"stone"
"rps_0_7857.jpeg",534.4014893790343,33.65597809161399,925.2653253398089,413.07971886948224,"paper"
"rps_0_7868.jpeg",653.200695715926,193.64508989421722,849.7326866233243,409.4102658652585,"stone"
"rps_0_7877.jpeg",164.8040716934583,286.84977851571125,462.53535311413856,540,"scissor"
"rps_0_7869.jpeg",133.8576109809459,173.05245766791353,470.4552846868794,540,"paper"
"rps_0_7898.jpeg",187.53725387133812,151.8130927203822,448.6020852082299,477.6624993637678,"scissor"
"rps_0_7878.jpeg",653.200695715926,133.4657112364213,898.1322878522219,345.5613759718177,"stone"
"rps_0_7905.jpeg",605.5343600654792,202.4518353357753,905.465641874069,501.1471732850631,"scissor"
"rps_0_7928.jpeg",167.00096353670446,8.174767991278086,370.875272053044,239.82162707446992,"stone"
"rps_0_7938.jpeg",662.0006390811196,145.9419096822031,942.132062864635,416.01533950428234,"stone"
"rps_0_7913.jpeg",684.0004684008813,222.2670271371363,953.865126730077,498.21149441884177,"stone"
"rps_0_7963.jpeg",136.9375940680859,89.43199858648617,439.8021418430362,427.0237567483747,"paper"
"rps_0_792.jpeg",35.73830355480387,178.9671905301906,244.73685665187438,399.8696298228557,"stone"
"rps_0_7982.jpeg",257.2034188415467,94.56926190810995,541.7347852144364,358.03760353331006,"scissor"
"rps_0_801.jpeg",499.9350978696003,103.37600734966804,770.5332545230264,355.8359317307759,"stone"
"rps_0_7975.jpeg",643.6674285858367,57.87451349804343,920.1321171719836,393.2644979524107,"scissor"
"rps_0_7967.jpeg",260.13674299435206,123.92507519401848,557.8680244150323,382.99002954058426,"scissor"
"rps_0_8017.jpeg",632.6675139259559,0,734.6000991109112,57.14062289719868,"stone"
"rps_0_8026.jpeg",513.1349838241683,304.46326939882744,779.333139701775,540,"stone"
"rps_0_808.jpeg",58.47148573268372,219.33143561804673,244.00353288697863,470.3235351238992,"stone"
"rps_0_8060.jpeg",100.27117307751986,185.57226416921446,404.60242656870656,526.8334025460503,"scissor"
"rps_0_809.jpeg",492.6018020341981,255.29227886941322,741.2000711814176,540,"scissor"
"rps_0_8114.jpeg",100.27117307751986,200.98405413408582,362.8026810374255,414.5475000711717,"stone"
"rps_0_8126.jpeg",133.27094615038482,121.72335971791837,343.73614677724674,386.65951166051855,"scissor"
"rps_0_8168.jpeg",161.13739468253476,141.53855151927934,464.7353244088257,502.61495448675254,"paper"
"rps_0_8128.jpeg",114.93776474832423,91.63368494687569,514.6016313539598,480.59806176714676,"paper"
"rps_0_815.jpeg",616.53427472536,1.364587844471207,960,325.0123226853226,"paper"
"rps_0_8162.jpeg",172.13736752886047,178.2332708136353,455.93538104363205,538.5758268538297,"paper"
"rps_0_8172.jpeg",36.4716273196996,307.3988318022064,240.33688496927755,537.8418780215637,"scissor"
"rps_0_817.jpeg",323.2029649872766,115.11832975246038,604.8010363005834,464.4524103171413,"paper"
"rps_0_8189.jpeg",538.8014901548536,262.63124310928185,760.9999292064921,520.2284453698687,"stone"
"rps_0_8181.jpeg",121.53770772560824,307.3988318022064,306.33640202178503,534.1724250173401,"scissor"
"rps_0_8203.jpeg",567.4012915451217,184.1044538518144,771.2665201014772,461.51678968234114,"scissor"
"rps_0_8219.jpeg",322.46964122238086,236.21100678460758,535.8681950952706,507.75213046124463,"stone"
"rps_0_8229.jpeg",630.4674844448238,121.72335971791837,880.5324011218347,417.4831207059719,"scissor"
"rps_0_8296.jpeg",126.6710031731008,172.36214600687734,411.9356642176639,438.76606459331174,"stone"
"rps_0_8273.jpeg",493.3351257990939,197.31454289844095,739.0000998867304,454.91177427473843,"scissor"
"rps_0_8258.jpeg",81.20463881734112,170.1604742043431,332.00290835247023,408.67637526441376,"stone"
"rps_0_8306.jpeg",656.8673145404047,278.0430330741532,876.1324585324603,527.5673513783162,"stone"
"rps_0_831.jpeg",488.93518320971947,192.17730869252773,943.5987103944265,540,"paper"
"rps_0_8299.jpeg",205.87046436662115,48.3338774556406,582.8011487943768,410.1441564661033,"paper"
"rps_0_8310.jpeg",0,187.77390685603814,400.2023676064424,529.7690814122716,"paper"
"rps_0_8340.jpeg",716.266946802073,159.15199872882965,960,429.9593191517537,"stone"
"rps_0_8345.jpeg",554.2013474041088,0,736.8001285920433,132.73180607772127,"stone"
"rps_0_8346.jpeg",600.4010355247642,207.5890986573991,855.5992767424901,465.18630091798605,"stone"
"rps_0_8391.jpeg",502.86839292918324,185.57226416921446,776.3998446421922,461.51678968234114,"paper"
"rps_0_8412.jpeg",235.203589521785,305.9310506005169,508.00171746989827,540,"paper"
"rps_0_845.jpeg",542.4681089793322,212.7263619790229,917.1988221124008,540,"paper"
"rps_0_8502.jpeg",522.6681927678128,211.25855166162282,793.2663494212388,506.28440749097626,"paper"
"rps_0_849.jpeg",390.66910047635304,32.92207293291395,662.7339628460154,300.0598966780484,"paper"
"rps_0_8496.jpeg",65.07142870996773,76.95578558284907,398.7357782630958,382.99002954058426,"paper"
"rps_0_8487.jpeg",199.2704922961147,149.61136268642682,389.20251113300645,410.87804706694806,"scissor"
"rps_0_850.jpeg",495.535097093781,264.09902431097134,706.000297720643,499.6793338519525,"paper"
"rps_0_8511.jpeg",653.200695715926,278.77692367499793,889.3324026734732,476.9286087629231,"stone"
"rps_0_8522.jpeg",7.87182592943148,358.0376035333101,181.67063465894987,525.365679575782,"stone"
"rps_0_8544.jpeg",112.00444059551887,170.1604742043431,356.93609091825965,481.33195236799156,"paper"
"rps_0_8553.jpeg",593.8011216407026,90.16588918733092,866.5991914023709,317.67338756116453,"stone"
"rps_0_8558.jpeg",82.67131544035502,0,430.26887471294685,272.17187915168466,"paper"
"rps_0_8568.jpeg",212.47040734390518,206.85517894084379,414.135693698796,407.9424846635691,"stone"
"rps_0_8583.jpeg",538.8014901548536,142.27244212012408,843.1327145528178,492.340427843505,"paper"
"rps_0_8579.jpeg",109.80444020760923,393.9984467846766,372.33594816751486,540,"paper"
"rps_0_8600.jpeg",99.5378202194017,231.0737434629838,393.6025119088257,518.0267153359133,"paper"
"rps_0_856.jpeg",117.87105980790716,222.2670271371363,326.8696419982001,449.7744818374041,"stone"
"rps_0_8645.jpeg",167.73739584626367,109.24716127213657,359.8693859778426,325.7462132861673,"scissor"
"rps_0_863.jpeg",522.6681927678128,103.37600734966804,942.8653284430859,525.365679575782,"paper"
"rps_0_8674.jpeg",661.267315316224,179.70111024674594,829.9326540389152,396.200176818632,"stone"
"rps_0_865.jpeg",616.53427472536,146.67582939875842,881.9990486516261,493.07431844434973,"scissor"
"rps_0_8667.jpeg",81.93799167545929,274.3735509542189,412.66904616900445,528.301241979161,"paper"
"rps_0_8694.jpeg",73.87137207516137,13.840793569180654,372.3359481675149,328.6818048052569,"stone"
"rps_0_8706.jpeg",223.470322003786,293.4548230390245,497.7351265749131,540,"paper"
"rps_0_8714.jpeg",95.1378776300273,167.22488268525356,431.00225666428753,518.7606059367581,"scissor"
"rps_0_872.jpeg",22.538388507013405,0,331.26958458757446,302.26156848058264,"paper"
"rps_0_8722.jpeg",89.27125841763903,98.23874402804425,329.0696132928873,486.4692448053259,"scissor"
"rps_0_8736.jpeg",501.40174539939176,214.19417229642295,772.7330512583789,497.4776620494182,"stone"
"rps_0_8755.jpeg",228.60361745127855,184.83837356836972,449.3354089731256,410.878047066948,"stone"
"rps_0_8745.jpeg",442.00217132416833,109.24716127213657,762.4665767362835,513.6233717308448,"paper"
"rps_0_876.jpeg",524.8682222489449,24.115342049211158,794.7329969510304,362.44097625408915,"paper"
"rps_0_8765.jpeg",601.8676830545556,226.67037074220477,779.333139701775,439.49995519415654,"stone"
"rps_0_8769.jpeg",43.80492315510179,46.13219109525107,402.4023970875745,432.1609909542879,"paper"
"rps_0_8785.jpeg",266.73668597163606,32.18818233206921,500.66842163449604,223.7348083388258,"stone"
"rps_0_8804.jpeg",277.0033059598436,2.098471166388306,495.535097093781,357.3037129324654,"scissor"
"rps_0_8799.jpeg",90.95787980232126,128.18166105991537,472.2886231923411,405.5940114482974,"paper"
"rps_0_8819.jpeg",134.00429900850298,0,483.06853490410873,330.8834766077911,"stone"
"rps_0_8827.jpeg",574.0012636156281,50.53556381603012,870.2658684132944,316.2055772437645,"stone"
"rps_0_8847.jpeg",155.27080456336893,239.14659830369715,382.6025390625,506.2844074909763,"stone"
"rps_0_8845.jpeg",558.601348179928,74.02020862161481,832.1327998929369,338.2224408476597,"scissor"
"rps_0_8842.jpeg",7.065158150757201,317.7467591518227,227.06359681448615,519.5679263596821,"scissor"
"rps_0_8858.jpeg",678.1338782817155,178.9671905301906,858.5324554291833,473.2591557586993,"paper"
"rps_0_8877.jpeg",423.1556400121028,323.47114077726434,489.15518615783276,386.58611095414983,"paper"
"rps_0_8883.jpeg",483.8018586690045,354.3681214133758,783.7330822911495,540,"scissor"
"rps_0_8894.jpeg",427.33557965336394,2.098471166388306,755.1333390873262,349.9647486925968,"paper"
"rps_0_8897.jpeg",445.66879014864696,17.510282968042596,678.1338782817155,374.1832840990262,"scissor"
"rps_0_8901.jpeg",20.338402665714995,191.44341809168301,189.73722516602533,472.5252651578546,"scissor"
"rps_0_8944.jpeg",465.4686481737215,58.60838954103288,694.2670592958665,334.5529587277254,"stone"
"rps_0_8933.jpeg",110.53779306572741,160.6198381619403,308.5364315029171,443.1694081983802,"scissor"
"rps_0_8971.jpeg",341.5361754825596,281.7125151940875,627.5341893852408,531.2368626139611,"scissor"
"rps_0_8965.jpeg",66.53807623975919,32.18818233206921,314.40296343563807,279.51084339155324,"stone"
"rps_0_8940.jpeg",211.73708357900944,153.2808739220717,464.7353244088257,446.10502883318037,"stone"
"rps_0_9046.jpeg",630.4674844448238,81.35915830362812,912.0656139445755,438.7660645933118,"scissor"
"rps_0_8994.jpeg",422.2023132990939,18.97807144865973,647.3340474103153,261.89735250843705,"paper"
"rps_0_9045.jpeg",37.204951084595336,76.22189498200433,345.93617625837885,373.4493934981815,"stone"
"rps_0_900.jpeg",452.2687622191534,64.47957257921199,626.8008656203451,305.1971599996722,"stone"
"rps_0_9006.jpeg",157.4707758580561,112.91664339207087,353.2694139073361,355.1020120142205,"stone"
"rps_0_9056.jpeg",255.7367713117552,186.3061547700592,472.0686202442279,414.5475000711717,"scissor"
"rps_0_9070.jpeg",487.46847749348314,173.09603660772208,709.6669747315666,479.86417116630207,"scissor"
"rps_0_9063.jpeg",79.73799128754965,223.00091773798104,472.0686202442279,537.107987420719,"paper"
"rps_0_9055.jpeg",575.4679111454195,272.17187915168466,780.7997872315665,537.8418780215637,"scissor"
"rps_0_906.jpeg",602.6010650058962,282.4464057949322,851.1993341531156,540,"scissor"
"rps_0_9094.jpeg",370.1359768728277,438.032173992467,398.7357782630958,491.60653724266024,"scissor"
"rps_0_9083.jpeg",450.802114689362,347.7630768900625,671.5339062112091,540,"stone"
"rps_0_9104.jpeg",214.67037863859235,66.6812589396015,543.201432744228,399.8696298228557,"paper"
"rps_0_9096.jpeg",648.8006949401067,232.54155378038385,894.4657272141882,474.7269369603888,"stone"
"rps_0_9102.jpeg",657.6006383053004,217.86365441635726,839.4659211690046,424.0881361135746,"paper"
"rps_0_9112.jpeg",171.4040146707423,39.52713201408251,476.4685628336023,388.12729286220804,"paper"
"rps_0_9131.jpeg",156.00409923504222,272.90574063681885,367.2026818132448,526.0995119452056,"scissor"
"rps_0_9123.jpeg",533.6681656141385,256.7600891868133,737.5334523569389,475.46082756123354,"stone"
"rps_0_9127.jpeg",620.2008935498386,207.5890986573991,886.3991076138902,484.26757300279166,"stone"
"rps_0_9134.jpeg",557.8680244150323,114.38443915161564,861.465866861656,378.5866568198052,"stone"
"rps_0_918.jpeg",161.87074754065293,104.10989795051279,446.4021139135427,482.06590120025743,"paper"
"rps_0_915.jpeg",546.1347859902558,69.61683590083577,871.7325159430859,393.2644979524107,"paper"
"rps_0_9159.jpeg",585.7345020404047,123.19117003531844,835.0660949525198,379.3205765363606,"scissor"
"rps_0_9174.jpeg",474.2685915389151,207.5890986573991,791.7995855185576,510.68780932746586,"paper"
"rps_0_9177.jpeg",539.5348139197492,334.5529587277254,760.2666054415963,534.9063156181847,"scissor"
"rps_0_9194.jpeg",776.3998446421922,92.36757554772043,960,289.05147943395605,"stone"
"rps_0_9186.jpeg",24.73837434831182,57.87451349804343,271.13665765423286,347.7630768900625,"paper"
"rps_0_9210.jpeg",131.80429862059336,10.17133328602929,353.2694139073362,254.5583882685685,"paper"
"rps_0_9208.jpeg",115.67108851321996,214.19417229642295,390.66910047635304,487.9370260070154,"stone"
"rps_0_9205.jpeg",541.0014614495407,267.0346158300609,773.4665495826092,527.5673513783162,"stone"
"rps_0_9211.jpeg",494.8017151424404,325.0123226853226,705.2669739557473,540,"scissor"
"rps_0_9232.jpeg",569.6012628398089,46.86606713824053,782.9998167126987,222.2670271371363,"stone"
"rps_0_9212.jpeg",774.1998151610601,5.767960565250249,960,267.7685064309056,"scissor"
"rps_0_9233.jpeg",695.0003830607621,192.91119929337248,960,449.77448183740404,"stone"
"rps_0_9251.jpeg",129.60432732590616,15.308596607653076,373.80259569730634,248.68723434609996,"stone"
"rps_0_9273.jpeg",562.2679670044066,184.83837356836972,942.132062864635,539.3097174546745,"paper"
"rps_0_9296.jpeg",599.6677117598684,159.15199872882965,846.0660096124006,419.6847925085061,"scissor"
"rps_0_934.jpeg",630.4674844448238,301.5276778797379,851.1993341531157,540,"scissor"
"rps_0_9302.jpeg",563.7346145341982,264.09902431097134,802.0663509728774,528.301241979161,"scissor"
"rps_0_9300.jpeg",179.4706342710402,112.91664339207087,363.53600480232126,347.7630768900625,"scissor"
"rps_0_9355.jpeg",231.53694160408392,154.01476452291644,443.46881885395976,419.6847925085061,"stone"
"rps_0_9356.jpeg",79.73799128754965,171.6282554060326,320.26966992769366,462.25068028318583,"scissor"
"rps_0_9340.jpeg",682.5338208710899,187.77390685603814,923.0655286044564,445.3711382323356,"stone"
"rps_0_9367.jpeg",729.466832756641,172.36214600687734,959.7319495950223,384.4577816265632,"paper"
"rps_0_9384.jpeg",548.334757284943,63.01177681966721,820.3993869088258,374.1832840990262,"stone"
"rps_0_939.jpeg",532.3482061119042,3.1993289044383557,896.8123865364325,434.72963717295505,"paper"
"rps_0_9398.jpeg",618.7342460200472,75.4879898233043,862.9325143914474,333.0851775260359,"paper"
"rps_0_9407.jpeg",554.2013474041088,2.8323763250883394,782.2663183884683,222.2670271371363,"scissor"
"rps_0_9414.jpeg",314.402963435638,96.03705766765474,596.0010929353898,356.5698223316206,"stone"
"rps_0_9436.jpeg",581.3345012645854,120.25559307408417,741.2000711814176,408.67637526441376,"paper"
"rps_0_9474.jpeg",85.60461049993793,15.308596607653076,272.60333427724674,217.86365441635724,"stone"
"rps_0_9460.jpeg",531.4681943194513,0,827.7328573035625,272.17187915168466,"scissor"
"rps_0_9477.jpeg",565.9346440153302,250.88893526434478,863.665896342788,526.0995119452056,"scissor"
"rps_0_9457.jpeg",539.5348139197492,212.7263619790229,824.066180292639,465.92019151883073,"stone"
"rps_0_9463.jpeg",66.53807623975919,82.82693950531761,403.86910280381085,411.6119376677928,"paper"
"rps_0_9479.jpeg",739.0000998867304,294.1887427555799,949.4653005135923,518.7606059367581,"stone"
"rps_0_950.jpeg",609.2009788899578,193.64508989421722,876.1324585324603,459.3151178798069,"stone"
"rps_0_9486.jpeg",94.40455386513158,144.4741284805136,301.93645943241063,358.03760353331006,"stone"
"rps_0_9483.jpeg",0,178.9671905301906,260.8700667592478,524.6317889749372,"paper"
"rps_0_9502.jpeg",283.6032489371276,1.364587844471207,546.8681097551514,258.22787038850277,"paper"
"rps_0_9519.jpeg",112.00444059551887,239.8804597888313,328.33628952799154,429.22542855090893,"stone"
"rps_0_9534.jpeg",258.6700954645606,2.8323763250883394,440.5355237943769,280.9786245932427,"scissor"
"rps_0_9543.jpeg",207.3371118964126,228.87207166044956,461.0687055843471,532.7046438156506,"scissor"
"rps_0_9504.jpeg",186.8039301064424,27.050919010445423,377.46927270822994,288.31755971740074,"scissor"
"rps_0_9516.jpeg",7.87182592943148,251.62282586518953,245.47018041677012,473.25915575869936,"stone"
"rps_0_956.jpeg",601.8676830545556,0,891.5323157817155,264.8329149118161,"stone"
"rps_0_9545.jpeg",601.8676830545556,65.21346318005673,955.3318906327582,393.9984467846766,"paper"
"rps_0_9579.jpeg",99.5378202194017,189.24174628914878,332.00290835247023,431.42704212202204,"stone"
"rps_0_9576.jpeg",683.2671446359856,191.44341809168301,906.9322894038605,416.0153395042824,"scissor"
"rps_0_9634.jpeg",512.4016600592726,133.4657112364213,771.2665201014771,382.99002954058426,"scissor"
"rps_0_9675.jpeg",145.0042136683838,68.88294529999102,462.5353531141385,363.90875745577864,"stone"
"rps_0_9693.jpeg",543.2014327442279,40.99492777362729,795.4663789023709,297.12430515895886,"stone"
"rps_0_9678.jpeg",73.13804831026565,307.3988318022064,286.5365439967105,540,"stone"
"rps_0_9680.jpeg",536.6015188601664,16.776385088270207,840.9326850716857,269.9702073491504,"paper"
"rps_0_9684.jpeg",345.93617625837885,30.720386572524433,588.6677970999876,340.42411265019393,"scissor"
"rps_0_9696.jpeg",485.26844801235103,154.74865512376118,724.333508215926,488.67085837643896,"scissor"
"rps_0_9698.jpeg",736.0668048271475,292.7209324381798,958.2651856923412,516.5588759028027,"stone"
"rps_0_971.jpeg",670.0672586814176,176.7655187276564,920.8654991233243,476.19471816207835,"stone"
"rps_0_9712.jpeg",480.8685636094216,40.99492777362729,764.6666062174156,429.22542855090893,"paper"
"rps_0_9709.jpeg",89.27125841763903,90.16588918733092,298.269840607932,413.07971886948224,"paper"
"rps_0_9717.jpeg",569.6012628398089,93.10148070642047,912.7988795230264,487.9370260070154,"paper"
"rps_0_9748.jpeg",125.93767940820507,278.0430330741532,361.33603350763406,517.2927665036475,"stone"
"rps_0_9727.jpeg",118.60438357280289,234.00933498207334,413.4023699339002,505.5505168901316,"paper"
"rps_0_9759.jpeg",479.4019160796301,143.00634727882414,782.2663183884682,490.1386978095496,"paper"
"rps_0_9760.jpeg",525.6015460138407,332.3512869251912,767.5998430905537,540,"stone"
"rps_0_9791.jpeg",585.0011782755089,0,780.0665216531156,149.61136268642682,"stone"
"rps_0_9814.jpeg",216.87037902650198,200.98405413408582,531.4681943194513,500.4132244527972,"stone"
"rps_0_9800.jpeg",138.40424159787736,45.398300494406335,343.0027648259062,255.29227886941322,"stone"
"rps_0_9804.jpeg",522.6681927678128,3.566274204860728,763.9332824525198,313.27001484038556,"scissor"
"rps_0_9812.jpeg",322.46964122238086,132.73180607772127,553.468023639213,392.5306655829871,"scissor"
"rps_0_984.jpeg",98.7129559400605,31.933422470740428,307.53567877048397,251.2059903233889,"stone"
"rps_0_9822.jpeg",112.00444059551887,117.32001611284991,365.73603428345336,360.2393044515549,"scissor"
"rps_0_9865.jpeg",618.0009222551514,183.37056325096967,839.4659211690044,495.27599024688396,"scissor"
"rps_0_9880.jpeg",386.26921607342354,45.398300494406335,629.734160679928,311.80220452298545,"paper"
"rps_0_986.jpeg",510.9350125294811,28.5187147699902,762.4665767362835,326.48010388701204,"scissor"
"rps_0_9881.jpeg",520.4682796595705,135.66736848110023,826.2662097737712,454.9117742747384,"paper"
"rps_0_9887.jpeg",191.93722555393495,136.40125908194497,409.002310971636,388.86121257876334,"scissor"
"rps_0_9896.jpeg",598.201064230077,63.01177681966721,886.3991076138902,361.7070856532444,"stone"
"rps_0_9892.jpeg",96.60455425304121,120.25559307408417,388.46918736811074,516.5588759028027,"scissor"
"rps_0_9893.jpeg",629.0008369150323,118.05390671369464,837.266124433652,387.3934022613633,"stone"
"rps_0_9912.jpeg",58.47148573268372,244.28386162532092,335.66952717694886,512.8894811300001,"stone"
"rps_0_9908.jpeg",41.60492276719216,147.40971999960317,294.60316359700846,454.91177427473843,"scissor"
"rps_0_9917.jpeg",706.0002977206431,220.79918770402566,932.5987957345458,532.7046438156506,"scissor"
"rps_0_9903.jpeg",519.0016321297791,134.9334924381108,805.7329116109112,450.50831420682766,"paper"
"rps_0_9936.jpeg",576.9345586752111,177.49940932850114,817.4662082221327,463.71851971629656,"stone"
"rps_0_9942.jpeg",318.80302239790217,46.86606713824053,553.468023639213,289.05147943395605,"paper"
"rps_0_9976.jpeg",638.5341040451217,119.52170247323943,873.1991634728774,334.5529587277254,"stone"
"rps_0_9950.jpeg",601.1343592896599,308.1327515187617,831.3994179415963,516.5588759028027,"stone"
"rps_0_9982.jpeg",86.33793426483366,3.566274204860728,491.13515450440667,362.44097625408915,"paper"